Name	Owner	Category	District	Province
Chegutu	Govt.	District Hosp.	Chegutu District	Mashonaland West Province
Mhondoro	Govt.	Rural Hospital	Chegutu District	Mashonaland West Province
Gora	Govt.	RHC	Chegutu District	Mashonaland West Province
Mbuyanehanda	Govt.	RHC	Chegutu District	Mashonaland West Province
Monera	Govt.	RHC	Chegutu District	Mashonaland West Province
Msengezi	Govt.	RHC	Chegutu District	Mashonaland West Province
Musinami	Govt.	RHC	Chegutu District	Mashonaland West Province
Chegutu	Municipality	Clinic	Chegutu District	Mashonaland West Province
Chinengundu	Municipality	Clinic	Chegutu District	Mashonaland West Province
Norton Selous	RDC	Rural Hospital	Chegutu District	Mashonaland West Province
Chegutu	RDC	Clinic	Chegutu District	Mashonaland West Province
Chikara	RDC	Clinic	Chegutu District	Mashonaland West Province
Chivero	RDC	Clinic	Chegutu District	Mashonaland West Province
Dombwe	RDC	Clinic	Chegutu District	Mashonaland West Province
Katanga Utano	RDC	RHC	Chegutu District	Mashonaland West Province
Mhondoro North	RDC	Clinic	Chegutu District	Mashonaland West Province
Mupawose	RDC	Clinic	Chegutu District	Mashonaland West Province
Rwizi	RDC	Clinic	Chegutu District	Mashonaland West Province
Sandringham	RDC	Clinic	Chegutu District	Mashonaland West Province
Selous	RDC	Clinic	Chegutu District	Mashonaland West Province
Watyoka	RDC	Clinic	Chegutu District	Mashonaland West Province
Cargill	Industry	Clinic	Chegutu District	Mashonaland West Province
David Whitehead	Industry	Clinic	Chegutu District	Mashonaland West Province
Hunyani Pulp & Paper	Industry	Clinic	Chegutu District	Mashonaland West Province
Monedale	Pvt.	Clinic	Chegutu District	Mashonaland West Province
ZMDC	Mine	Clinic	Chegutu District	Mashonaland West Province
Lismore	RDC	Clinic	Chegutu District	Mashonaland West Province
Mafuti	RDC	Clinic	Chegutu District	Mashonaland West Province
Brunswick	RDC	Clinic	Chegutu District	Mashonaland West Province
Karoi	Govt.	District Hosp.	Hururungwe District	Mashonaland West Province
Hurungwe	Govt.	Rural Hospital	Hururungwe District	Mashonaland West Province
Mwami	Govt.	Rural Hospital	Hururungwe District	Mashonaland West Province
Chirundu	Govt.	RHC	Hururungwe District	Mashonaland West Province
Chivende	Govt.	RHC	Hururungwe District	Mashonaland West Province
Kasimure	Govt.	RHC	Hururungwe District	Mashonaland West Province
Marongora	Govt.	Clinic	Hururungwe District	Mashonaland West Province
Masanga	Govt.	RHC	Hururungwe District	Mashonaland West Province
Zvipani	Govt.	RHC	Hururungwe District	Mashonaland West Province
Chinhere	RDC	Clinic	Hururungwe District	Mashonaland West Province
Chundu	RDC	Clinic	Hururungwe District	Mashonaland West Province
Helwin	RDC	Clinic	Hururungwe District	Mashonaland West Province
Hesketh	RDC	Clinic	Hururungwe District	Mashonaland West Province
Kazangarare	RDC	Clinic	Hururungwe District	Mashonaland West Province
Mashongwe	RDC	Clinic	Hururungwe District	Mashonaland West Province
Nyamakate	RDC	Clinic	Hururungwe District	Mashonaland West Province
Nyamhunga	RDC	Clinic	Hururungwe District	Mashonaland West Province
Nyangoma	RDC	Clinic	Hururungwe District	Mashonaland West Province
Tengwe	RDC	Clinic	Hururungwe District	Mashonaland West Province
Dete	RDC	RHC	Hururungwe District	Mashonaland West Province
Chidamoyo	Mission Hosp.	Rural Hosp.	Hururungwe District	Mashonaland West Province
Kapfunde	RDC	Clinic	Hururungwe District	Mashonaland West Province
Lynx	Mine	Clinic	Hururungwe District	Mashonaland West Province
Karoi Static	Town council	Clinic	Hururungwe District	Mashonaland West Province
Lanroy	Govt.	Clinic	Hururungwe District	Mashonaland West Province
Zebra Downs	Govt.	Clinic	Hururungwe District	Mashonaland West Province
ZRP	Govt.	Clinic	Hururungwe District	Mashonaland West Province
Chikangwe	RDC	Clinic	Hururungwe District	Mashonaland West Province
Kadoma	Govt.	District Hosp.	Kadoma District	Mashonaland West Province
Ngezi	Govt.	Rural Hosp.	Kadoma District	Mashonaland West Province
Vere	Govt.	Clinic	Kadoma District	Mashonaland West Province
Nyamatani	Govt.	RHC	Kadoma District	Mashonaland West Province
Nyabango	Govt.	RHC	Kadoma District	Mashonaland West Province
Manyoni	Govt.	RHC	Kadoma District	Mashonaland West Province
Muzvezve	Govt.	RHC	Kadoma District	Mashonaland West Province
Kadoma Prison	Govt.	Clinic	Kadoma District	Mashonaland West Province
Jondale	Govt.	RHC	Kadoma District	Mashonaland West Province
Jompani	Govt.	RHC	Kadoma District	Mashonaland West Province
Geja	Govt.	RHC	Kadoma District	Mashonaland West Province
Dondoshava	Govt.	RHC	Kadoma District	Mashonaland West Province
Donaine	Govt.	RHC	Kadoma District	Mashonaland West Province
Kadoma ZRP	Govt.	Clinic	Kadoma District	Mashonaland West Province
Nyaunde	Govt.	Clinic	Kadoma District	Mashonaland West Province
Rimuka (MCH)	Municipality	Hosp.	Kadoma District	Mashonaland West Province
Rimuka	Municipality	Clinic	Kadoma District	Mashonaland West Province
Chemukute	Municipality	Clinic	Kadoma District	Mashonaland West Province
Ingezi	Municipality	Clinic	Kadoma District	Mashonaland West Province
Warverly	Municipality	Clinic	Kadoma District	Mashonaland West Province
Turf Estate	RDC	Clinic	Kadoma District	Mashonaland West Province
Sanyati	RDC	Clinic	Kadoma District	Mashonaland West Province
Ordof	RDC	Clinic	Kadoma District	Mashonaland West Province
Muuyu	RDC	Clinic	Kadoma District	Mashonaland West Province
Murambwa	RDC	Clinic	Kadoma District	Mashonaland West Province
Manyewe	RDC	Clinic	Kadoma District	Mashonaland West Province
Mafindifindi	RDC	Clinic	Kadoma District	Mashonaland West Province
Chirikiti	RDC	Clinic	Kadoma District	Mashonaland West Province
Chenjiri	RDC	Clinic	Kadoma District	Mashonaland West Province
Bururu	RDC	Clinic	Kadoma District	Mashonaland West Province
Mukarati	RDC	Clinic	Kadoma District	Mashonaland West Province
St. Michaels	Mission Hosp.	Rural Hosp.	Kadoma District	Mashonaland West Province
Sanyati	Mission Hosp.	Rural Hosp.	Kadoma District	Mashonaland West Province
Dalny Rufaro	Mine	Clinic	Kadoma District	Mashonaland West Province
Venice	Mine	Clinic	Kadoma District	Mashonaland West Province
Golden Valley	Mine	Clinic	Kadoma District	Mashonaland West Province
Eiffel Flats	Mine	Clinic	Kadoma District	Mashonaland West Province
Kadoma Textile	Industry	Clinic	Kadoma District	Mashonaland West Province
Population Services	Pvt.	Clinic	Kadoma District	Mashonaland West Province
Jairos Jiri	Pvt.	Clinic	Kadoma District	Mashonaland West Province
David Whitehead	Industry	Clinic	Kadoma District	Mashonaland West Province
Battlefields	Army	Clinic	Kadoma District	Mashonaland West Province
Blackmovel	RDC	Clinic	Kadoma District	Mashonaland West Province
Chingondo	RDC	Clinic	Kadoma District	Mashonaland West Province
Twintops	RDC	Clinic	Kadoma District	Mashonaland West Province
Patchway	RDC	Clinic	Kadoma District	Mashonaland West Province
Gavhunga	RDC	RHC	Kadoma District	Mashonaland West Province
Kariba	Govt.	District Hosp.	Kariba District	Mashonaland West Province
Gache Gache	Govt.	RHC	Kariba District	Mashonaland West Province
Kanyati	Govt.	RHC	Kariba District	Mashonaland West Province
Mola	Govt.	Clinic	Kariba District	Mashonaland West Province
Chalala	RDC	RHC	Kariba District	Mashonaland West Province
Msapakaruma	RDC	Clinic	Kariba District	Mashonaland West Province
Negande	Govt.	Clinic	Kariba District	Mashonaland West Province
Siakobvu	Govt.	Rural Hosp.	Kariba District	Mashonaland West Province
Mahombekombe	Town council	Clinic	Kariba District	Mashonaland West Province
Nyamhunga	Town council	Clinic	Kariba District	Mashonaland West Province
Caribbea Bay	Pvt.	Clinic	Kariba District	Mashonaland West Province
Crocodile	Pvt.	Clinic	Kariba District	Mashonaland West Province
Chinhoyi	Govt.	Provincial Hosp.	Makonde District	Mashonaland West Province
Chinhoyi Prison	Prisons	Clinic	Makonde District	Mashonaland West Province
Chinhoyi Teachers	Higher Education	Clinic	Makonde District	Mashonaland West Province
Chihoyi ZRP	ZRP	Clinic	Makonde District	Mashonaland West Province
Kenzamba	Govt.	Clinic	Makonde District	Mashonaland West Province
Murereka	Govt.	RHC	Makonde District	Mashonaland West Province
Zumbara	Govt.	RHC	Makonde District	Mashonaland West Province
Gudubu	Govt.	RHC	Makonde District	Mashonaland West Province
Chikonohono	Municipality	Clinic	Makonde District	Mashonaland West Province
Chinhoyi	Municipality	Clinic	Makonde District	Mashonaland West Province
Doma	RDC	Clinic	Makonde District	Mashonaland West Province
Hombwe	RDC	Clinic	Makonde District	Mashonaland West Province
Kosana	RDC	Clinic	Makonde District	Mashonaland West Province
Matoranjera	RDC	Clinic	Makonde District	Mashonaland West Province
Mukohwe	RDC	Clinic	Makonde District	Mashonaland West Province
Obva	RDC	Clinic	Makonde District	Mashonaland West Province
Umboe	RDC	Clinic	Makonde District	Mashonaland West Province
Godzi	RDC	Clinic	Makonde District	Mashonaland West Province
Runene	Municipality	Clinic	Makonde District	Mashonaland West Province
Mhangura Christian	Mission Hosp.	Rural Hosp.	Makonde District	Mashonaland West Province
C.S.C.	Industry	Clinic	Makonde District	Mashonaland West Province
Chitambo	Pvt.	Clinic	Makonde District	Mashonaland West Province
Shackelton	Municipality	Clinic	Makonde District	Mashonaland West Province
Nyamugomba	Govt.	Clinic	Makonde District	Mashonaland West Province
Green Valley	Govt.	Clinic	Makonde District	Mashonaland West Province
River Ranch	Govt.	Clinic	Makonde District	Mashonaland West Province
Umboe	RDC	Clinic	Makonde District	Mashonaland West Province
Alaska	Govt.	Clinic	Makonde District	Mashonaland West Province
ZPS	Govt.	Clinic	Makonde District	Mashonaland West Province
CSC	Pvt.	Clinic	Makonde District	Mashonaland West Province
Sunngdale	Pvt.	Clinic	Makonde District	Mashonaland West Province
Banket	Govt.	District Hosp.	Zvimba District	Mashonaland West Province
Darwedale	Govt.	Rural Hosp.	Zvimba District	Mashonaland West Province
Raffingora	Govt.	Rural Hosp.	Zvimba District	Mashonaland West Province
Zvimba	Govt.	Rural Hosp.	Zvimba District	Mashonaland West Province
Chivhere	Govt.	RHC	Zvimba District	Mashonaland West Province
Gwebi	Govt.	RHC	Zvimba District	Mashonaland West Province
Ziam	Govt.	Clinic	Zvimba District	Mashonaland West Province
Ada Sisi	RDC	RHC	Zvimba District	Mashonaland West Province
Aryshire	RDC	Clinic	Zvimba District	Mashonaland West Province
Chirau	RDC	Clinic	Zvimba District	Mashonaland West Province
Jari	RDC	Clinic	Zvimba District	Mashonaland West Province
Kutama	RDC	Clinic	Zvimba District	Mashonaland West Province
Kuwadzana	RDC	Clinic	Zvimba District	Mashonaland West Province
Madzorera	RDC	Clinic	Zvimba District	Mashonaland West Province
Masiyarwa	RDC	Clinic	Zvimba District	Mashonaland West Province
Mpumbu	RDC	Clinic	Zvimba District	Mashonaland West Province
Mt. Hampden	RDC	Clinic	Zvimba District	Mashonaland West Province
Mutorashanga	RDC	Rural Hosp.	Zvimba District	Mashonaland West Province
Nyabira	RDC	Clinic	Zvimba District	Mashonaland West Province
Tobacco Research B.	RDC	Clinic	Zvimba District	Mashonaland West Province
Trelawney	RDC	Clinic	Zvimba District	Mashonaland West Province
Zowa	RDC	Clinic	Zvimba District	Mashonaland West Province
Dzivarasekwa	RDC	Clinic	Zvimba District	Mashonaland West Province
Father O’Hea	Mission Hosp.	Rural Hosp.	Zvimba District	Mashonaland West Province
Ceasar	Mine	Clinic	Zvimba District	Mashonaland West Province
Muriel	Mine	Clinic	Zvimba District	Mashonaland West Province
Sutton	Mine	Clinic	Zvimba District	Mashonaland West Province
Vanad	Mine	Clinic	Zvimba District	Mashonaland West Province
Aryshire	Mine	Clinic	Zvimba District	Mashonaland West Province
Crest Breeders	Industry	Clinic	Zvimba District	Mashonaland West Province
Zipam	Pvt.	Clinic	Zvimba District	Mashonaland West Province
Mapinga	Govt.	Clinic	Zvimba District	Mashonaland West Province
Sadza	Govt.	District Hosp.	Chikomba District	Mashonaland East Province
Chivu	Govt.	Rural Hosp.	Chikomba District	Mashonaland East Province
Nharira	Govt.	Rural Hosp.	Chikomba District	Mashonaland East Province
Mufudziwakanaka	Govt.	RHC	Chikomba District	Mashonaland East Province
Nyamhere	Govt.	RHC	Chikomba District	Mashonaland East Province
Zvamatohwe	Govt.	RHC	Chikomba District	Mashonaland East Province
ZRP	ZRP	Clinic	Chikomba District	Mashonaland East Province
ZPS	ZPS	Clinic	Chikomba District	Mashonaland East Province
Range	Govt.	Clinic	Chikomba District	Mashonaland East Province
Bvumbura	RDC	Clinic	Chikomba District	Mashonaland East Province
Chivhu	RDC	Clinic	Chikomba District	Mashonaland East Province
Gandani	RDC	Clinic	Chikomba District	Mashonaland East Province
Gokomere	RDC	Clinic	Chikomba District	Mashonaland East Province
Lanchashire	RDC	Clinic	Chikomba District	Mashonaland East Province
Madamombe	RDC	Clinic	Chikomba District	Mashonaland East Province
Manyene/Chambara	RDC	Clinic	Chikomba District	Mashonaland East Province
Masasa	RDC	Clinic	Chikomba District	Mashonaland East Province
Mbiru	RDC	Clinic	Chikomba District	Mashonaland East Province
Mushipe	RDC	Clinic	Chikomba District	Mashonaland East Province
Nhangabvi	RDC	Clinic	Chikomba District	Mashonaland East Province
Murzi	RDC	Clinic	Chikomba District	Mashonaland East Province
Musumba	RDC	Clinic	Chikomba District	Mashonaland East Province
Mutoro	RDC	Clinic	Chikomba District	Mashonaland East Province
Pokoteke	RDC	Clinic	Chikomba District	Mashonaland East Province
Rutanhire	RDC	Clinic	Chikomba District	Mashonaland East Province
Shumba	RDC	Clinic	Chikomba District	Mashonaland East Province
Unyetu	RDC	Clinic	Chikomba District	Mashonaland East Province
Wazvaremhaka	RDC	Clinic	Chikomba District	Mashonaland East Province
Wishire	RDC	Clinic	Chikomba District	Mashonaland East Province
Daramombe	Mission	Clinic	Chikomba District	Mashonaland East Province
Gandachibvuwa	Mission	Rural Hosp.	Chikomba District	Mashonaland East Province
Mwerahari	Mission	Clinic	Chikomba District	Mashonaland East Province
Makumbe	Govt.	District Hosp.	Goromonzi District	Mashonaland East Province
Chikwaka	Govt.	Rural Hosp.	Goromonzi District	Mashonaland East Province
Bosha	Govt.	RHC	Goromonzi District	Mashonaland East Province
Mwanza	Govt.	RHC	Goromonzi District	Mashonaland East Province
Domboshava	Govt.	Clinic	Goromonzi District	Mashonaland East Province
Rusununguko	Govt.	Clinic	Goromonzi District	Mashonaland East Province
Goromonzi High	Govt.	Clinic	Goromonzi District	Mashonaland East Province
Bromley	RDC	Clinic	Goromonzi District	Mashonaland East Province
Chinamhora	RDC	Clinic	Goromonzi District	Mashonaland East Province
Chinyika	RDC	Clinic	Goromonzi District	Mashonaland East Province
Cranbone	RDC	Clinic	Goromonzi District	Mashonaland East Province
Henry John Rheimer	RDC	Clinic	Goromonzi District	Mashonaland East Province
John Rekin	RDC	Clinic	Goromonzi District	Mashonaland East Province
Kowoyo	RDC	Clinic	Goromonzi District	Mashonaland East Province
Kubatsirana (Acturus)	Pvt.	Clinic	Goromonzi District	Mashonaland East Province
Masukandoro	Pvt.	Clinic	Goromonzi District	Mashonaland East Province
Nyaure	Pvt.	Clinic	Goromonzi District	Mashonaland East Province
Pote	Pvt.	Clinic	Goromonzi District	Mashonaland East Province
Rusike	Pvt.	Clinic	Goromonzi District	Mashonaland East Province
Ruwa	Pvt.	Clinic	Goromonzi District	Mashonaland East Province
Acturus	Mine	Clinic	Goromonzi District	Mashonaland East Province
St Joseph	Mission	Clinic	Goromonzi District	Mashonaland East Province
Ruwa Rehabilitation	Govt.	Hospital	Goromonzi District	Mashonaland East Province
Hwedza	Govt.	District Hosp.	Hwedza District	Mashonaland East Province
Garaba	Govt.	RHC	Hwedza District	Mashonaland East Province
Goneso	Govt.	RHC	Hwedza District	Mashonaland East Province
Goto	Govt.	RHC	Hwedza District	Mashonaland East Province
Gotora	Govt.	RHC	Hwedza District	Mashonaland East Province
Sengezi	Govt.	RHC	Hwedza District	Mashonaland East Province
Chigondo	RDC	Clinic	Hwedza District	Mashonaland East Province
Chikumaiwa	Govt.	Clinic	Hwedza District	Mashonaland East Province
Mukamba	RDC	Clinic	Hwedza District	Mashonaland East Province
Makarara	RDC	Clinic	Hwedza District	Mashonaland East Province
Zvidhuri	RDC	Clinic	Hwedza District	Mashonaland East Province
Mt. St. Mary’s	Mission	Rural Hosp.	Hwedza District	Mashonaland East Province
Skimpton	Govt.	Clinic	Hwedza District	Mashonaland East Province
Idube	Govt.	Clinic	Hwedza District	Mashonaland East Province
Garaba	Govt.	Clinic	Hwedza District	Mashonaland East Province
Kotwa	Govt.	District Hosp.	Mudzi District	Mashonaland East Province
Chiunye	Govt.	RHC	Mudzi District	Mashonaland East Province
Gozi	Govt.	RHC	Mudzi District	Mashonaland East Province
Kondo	Govt.	RHC	Mudzi District	Mashonaland East Province
Makaha	Govt.	RHC	Mudzi District	Mashonaland East Province
Masarakufa	Govt.	RHC	Mudzi District	Mashonaland East Province
Nyamanyoro	Govt.	RHC	Mudzi District	Mashonaland East Province
St. Pius	RDC	Clinic	Mudzi District	Mashonaland East Province
Chisvo	RDC	Clinic	Mudzi District	Mashonaland East Province
Kapotesa	RDC	Clinic	Mudzi District	Mashonaland East Province
Kotwa	RDC	Clinic	Mudzi District	Mashonaland East Province
Masenda	RDC	Clinic	Mudzi District	Mashonaland East Province
Nyamapanda	RDC	Clinic	Mudzi District	Mashonaland East Province
Nyamatawa	RDC	Clinic	Mudzi District	Mashonaland East Province
Nyamukoho	RDC	Clinic	Mudzi District	Mashonaland East Province
Shinga	RDC	Clinic	Mudzi District	Mashonaland East Province
Suswe	RDC	Clinic	Mudzi District	Mashonaland East Province
Chimukoko	RDC	Clinic	Mudzi District	Mashonaland East Province
Chikwizo	RDC	Clinic	Mudzi District	Mashonaland East Province
Dendera	RDC	Clinic	Mudzi District	Mashonaland East Province
Nyahuku	RDC	Clinic	Mudzi District	Mashonaland East Province
Murewa	Govt.	District Hosp.	Murewa District	Mashonaland East Province
Chitate	Govt.	RHC	Murewa District	Mashonaland East Province
Jekwa	Govt.	RHC	Murewa District	Mashonaland East Province
Kadenge	Govt.	RHC	Murewa District	Mashonaland East Province
Madamombe	Govt.	RHC	Murewa District	Mashonaland East Province
Murewa Prison	Govt.	Clinic	Murewa District	Mashonaland East Province
Munamba	Govt.	RHC	Murewa District	Mashonaland East Province
Dandara	RDC	Clinic	Murewa District	Mashonaland East Province
Chitowa I	RDC	Clinic	Murewa District	Mashonaland East Province
Chitowa II	RDC	Clinic	Murewa District	Mashonaland East Province
Craiglea	RDC	Clinic	Murewa District	Mashonaland East Province
Macheke	RDC	Clinic	Murewa District	Mashonaland East Province
Dombwe	RDC	Clinic	Murewa District	Mashonaland East Province
Kadzere	RDC	Clinic	Murewa District	Mashonaland East Province
Nyamutumbu	RDC	Clinic	Murewa District	Mashonaland East Province
Shambamuto	RDC	Clinic	Murewa District	Mashonaland East Province
Virginia	RDC	Clinic	Murewa District	Mashonaland East Province
Matututu	RDC	Clinic	Murewa District	Mashonaland East Province
Waterloo	RDC	Clinic	Murewa District	Mashonaland East Province
St. Paul’s	Mission	Rural Hosp.	Murewa District	Mashonaland East Province
Nohoreka	Pvt.	Clinic	Murewa District	Mashonaland East Province
Nhowe	Mission	Clinic	Murewa District	Mashonaland East Province
Goso	Govt.	Clinic	Murewa District	Mashonaland East Province
Ngwerume	Govt.	RHC	Murewa District	Mashonaland East Province
Mutoko	Govt.	District Hosp.	Mutoko District	Mashonaland East Province
Makosa	Govt.	Rural Hosp.	Mutoko District	Mashonaland East Province
Nyamuzuwe	Govt.	Rural Hosp.	Mutoko District	Mashonaland East Province
Kapondoro	Govt.	RHC	Mutoko District	Mashonaland East Province
Katsukunya	Govt.	RHC	Mutoko District	Mashonaland East Province
Mushimbo	Govt.	RHC	Mutoko District	Mashonaland East Province
Nyadire Resettlement	Govt.	RHC	Mutoko District	Mashonaland East Province
Nyamuzizi	Govt.	RHC	Mutoko District	Mashonaland East Province
Kushinga	Govt.	RHC	Mutoko District	Mashonaland East Province
Hoyuyu I	Govt.	RHC	Mutoko District	Mashonaland East Province
Hoyuyu II	Govt.	RHC	Mutoko District	Mashonaland East Province
Charehwa	RDC	Clinic	Mutoko District	Mashonaland East Province
Kawere	RDC	Clinic	Mutoko District	Mashonaland East Province
Matedza	RDC	Clinic	Mutoko District	Mashonaland East Province
Kowo	RDC	Clinic	Mutoko District	Mashonaland East Province
Kawaza	RDC	Clinic	Mutoko District	Mashonaland East Province
Nzira	RDC	Clinic	Mutoko District	Mashonaland East Province
Mother of Peace	Pvt.	Home	Mutoko District	Mashonaland East Province
Mutemwa  Leprosy	Pvt.	Home	Mutoko District	Mashonaland East Province
Nyadire	Mission	Rural Hosp.	Mutoko District	Mashonaland East Province
Luisa Guidotti	Mission	Rural Hosp.	Mutoko District	Mashonaland East Province
Chindenga	Mission	Clinic	Mutoko District	Mashonaland East Province
Mutawatawa	Govt.	District Hosp.	UMP District	Mashonaland East Province
Kafura	Govt.	RHC	UMP District	Mashonaland East Province
Sowa	Govt.	RHC	UMP District	Mashonaland East Province
Marembera	Govt.	RHC	UMP District	Mashonaland East Province
Karimbika	Govt.	RHC	UMP District	Mashonaland East Province
Borera	RDC	Clinic	UMP District	Mashonaland East Province
Chikuhwa	RDC	Clinic	UMP District	Mashonaland East Province
Chipfunde	RDC	Clinic	UMP District	Mashonaland East Province
Chitsungo	RDC	Clinic	UMP District	Mashonaland East Province
Manyika	RDC	Clinic	UMP District	Mashonaland East Province
Maramba	RDC	Clinic	UMP District	Mashonaland East Province
Mashambanhaka	RDC	Clinic	UMP District	Mashonaland East Province
Muskwe	RDC	Clinic	UMP District	Mashonaland East Province
Nhakiwa	RDC	Clinic	UMP District	Mashonaland East Province
Nyakasoro	RDC	Clinic	UMP District	Mashonaland East Province
Nyanzou	RDC	Clinic	UMP District	Mashonaland East Province
Dindi	Mission	Clinic	UMP District	Mashonaland East Province
Dewe	RDC	Clinic	UMP District	Mashonaland East Province
Chitimbe	RDC	Clinic	UMP District	Mashonaland East Province
Chihota	Govt.	Rural Hosp.	Marondera District	Mashonaland East Province
Border Church	Govt.	RHC	Marondera District	Mashonaland East Province
Chimbwanda	Govt.	RHC	Marondera District	Mashonaland East Province
Wenimbi	Govt.	Clinic	Marondera District	Mashonaland East Province
Prison	Govt.	Clinic	Marondera District	Mashonaland East Province
Kushinga Phikelela	Govt.	Clinic	Marondera District	Mashonaland East Province
ZRP	Govt.	Clinic	Marondera District	Mashonaland East Province
Dombotombo	Municipality	Clinic	Marondera District	Mashonaland East Province
Nyameni	Municipality	Clinic	Marondera District	Mashonaland East Province
Masikana	RDC	Clinic	Marondera District	Mashonaland East Province
Igava	RDC	Clinic	Marondera District	Mashonaland East Province
Mudzimurema	RDC	Clinic	Marondera District	Mashonaland East Province
Marondera Mobile	RDC	Clinic	Marondera District	Mashonaland East Province
Mutukwa	RDC	Clinic	Marondera District	Mashonaland East Province
Nyembanzvere	RDC	Clinic	Marondera District	Mashonaland East Province
Lustleigh	RDC	Clinic	Marondera District	Mashonaland East Province
Waddilove	Mission	Clinic	Marondera District	Mashonaland East Province
Borrodaile	Pvt.	Hosp.	Marondera District	Mashonaland East Province
St Thomas Prison	Govt.	Clinic	Marondera District	Mashonaland East Province
MRDC	RDC	Clinic	Marondera District	Mashonaland East Province
Beatrice	Govt.	Rural Hosp.	Seke District	Mashonaland East Province
Acton Reynods	Govt.	RHC	Seke District	Mashonaland East Province
Masasa	Govt.	RHC	Seke District	Mashonaland East Province
Ringa	Govt.	RHC	Seke District	Mashonaland East Province
Kunaka	RDC	Clinic	Seke District	Mashonaland East Province
Zhakata	RDC	Clinic	Seke District	Mashonaland East Province
Charakupa	RDC	Clinic	Seke District	Mashonaland East Province
Epworth	RDC	Polyclinic	Seke District	Mashonaland East Province
Jonasi	RDC	Clinic	Seke District	Mashonaland East Province
Lanark	RDC	Clinic	Seke District	Mashonaland East Province
Makanyazingwa	RDC	Clinic	Seke District	Mashonaland East Province
Marirangwe	RDC	Clinic	Seke District	Mashonaland East Province
Muda	RDC	Clinic	Seke District	Mashonaland East Province
Epworth	Mission	Clinic	Seke District	Mashonaland East Province
Derbshire	Pvt.	Clinic	Seke District	Mashonaland East Province
Port Health	Govt.	Clinic	Seke District	Mashonaland East Province
Bindura	Govt.	Provincial Hosp.	Bindura District	Mashonaland Central
Chiveso	Govt.	RHC	Bindura District	Mashonaland Central
Muonwe	Govt.	RHC	Bindura District	Mashonaland Central
Zimbabwe Prison	Govt.	Clinic	Bindura District	Mashonaland Central
ZRP	Govt.	Clinic	Bindura District	Mashonaland Central
Manhanga	RDC	RHC	Bindura District	Mashonaland Central
Chiriseri	RDC	RHC	Bindura District	Mashonaland Central
Nyava	RDC	RHC	Bindura District	Mashonaland Central
Rusununguko	RDC	RHC	Bindura District	Mashonaland Central
Chipadze	Municipality	Clinic	Bindura District	Mashonaland Central
Chiwariro	Municipality	Clinic	Bindura District	Mashonaland Central
Farm Health Scheme	RDC	Clinic	Bindura District	Mashonaland Central
Ashanti Goldfields	Mine	Clinic	Bindura District	Mashonaland Central
Trojan	Mine	Clinic	Bindura District	Mashonaland Central
Bindura	Municipality	Polyclinic	Bindura District	Mashonaland Central
Foothills	RDC	Clinic	Bindura District	Mashonaland Central
Bindura University	Govt.	Clinic	Bindura District	Mashonaland Central
Chipindura	Govt.	Clinic	Bindura District	Mashonaland Central
Family Planning	Family Planning	Clinic	Bindura District	Mashonaland Central
Rutope	RDC	RHC	Bindura District	Mashonaland Central
Manga	Govt.	RHC	Bindura District	Mashonaland Central
Mupandira	RDC	RHC	Bindura District	Mashonaland Central
St. Alberts	Mission	Designated Dist. Hosp.	Centenary District	Mashonaland Central
Chawarura	Govt.	RHC	Centenary District	Mashonaland Central
Hoya	Govt.	RHC	Centenary District	Mashonaland Central
Machaya	Govt.	RHC	Centenary District	Mashonaland Central
Muzarabani	Govt.	RHC	Centenary District	Mashonaland Central
Hwata	RDC	RHC	Centenary District	Mashonaland Central
David Nelson	RDC	Clinic	Centenary District	Mashonaland Central
Farm Health Scheme	RDC	Clinic	Centenary District	Mashonaland Central
Chadereka	Govt.	RHC	Centenary District	Mashonaland Central
Dambakurima	Govt.	RHC	Centenary District	Mashonaland Central
Shamva	Govt.	District Hosp.	Shamva District	Mashonaland Central
Madziwa	Govt.	Rural Hosp.	Shamva District	Mashonaland Central
Chishape	Govt.	RHC	Shamva District	Mashonaland Central
Goora	Govt.	RHC	Shamva District	Mashonaland Central
Mupfurudzi	Govt.	RHC	Shamva District	Mashonaland Central
Bushu	RDC	Clinic	Shamva District	Mashonaland Central
Chidembo	RDC	Clinic	Shamva District	Mashonaland Central
Chihuri	RDC	Clinic	Shamva District	Mashonaland Central
Mobile	RDC	Clinic	Shamva District	Mashonaland Central
Shamva Gold Mine	Mine	Clinic	Shamva District	Mashonaland Central
Cargill	Pvt.	Clinic	Shamva District	Mashonaland Central
Takawira	RDC	Clinic	Shamva District	Mashonaland Central
Nyamaruro	RDC	Clinic	Shamva District	Mashonaland Central
Nyamaropa	RDC	Clinic	Shamva District	Mashonaland Central
Guruve	Govt.	District Hosp.	Guruve District	Mashonaland Central
Chitsungo	Mission	Rural Hosp.	Guruve District	Mashonaland Central
Bvokochora	Govt.	RHC	Guruve District	Mashonaland Central
Nyakapupu	RDC	RHC	Guruve District	Mashonaland Central
Mashumbi Pools	Govt.	RHC	Guruve District	Mashonaland Central
Bepura	RDC	RHC	Guruve District	Mashonaland Central
Negomo	Govt.	RHC	Guruve District	Mashonaland Central
Nyamhondoro	Govt.	RHC	Guruve District	Mashonaland Central
Shinje	Govt.	RHC	Guruve District	Mashonaland Central
Angwa	RDC	RHC	Guruve District	Mashonaland Central
Bakasa	RDC	RHC	Guruve District	Mashonaland Central
Chapoto	RDC	RHC	Guruve District	Mashonaland Central
Chipuriro	RDC	RHC	Guruve District	Mashonaland Central
Gonono	RDC	RHC	Guruve District	Mashonaland Central
Kachuta	RDC	RHC	Guruve District	Mashonaland Central
Mahuwe	RDC	RHC	Guruve District	Mashonaland Central
Mastvitsi	RDC	RHC	Guruve District	Mashonaland Central
Gota	RDC	RHC	Guruve District	Mashonaland Central
Musengezi	RDC	RHC	Guruve District	Mashonaland Central
Chikafa	RDC	RHC	Guruve District	Mashonaland Central
Masomo	RDC	RHC	Guruve District	Mashonaland Central
Masoka	RDC	RHC	Guruve District	Mashonaland Central
Chirunya	RDC	RHC	Guruve District	Mashonaland Central
Chidodo	RDC	RHC	Guruve District	Mashonaland Central
Kemutamba	RDC	RHC	Guruve District	Mashonaland Central
Mugarakamwe	RDC	RHC	Guruve District	Mashonaland Central
Nyambudzi	RDC	RHC	Guruve District	Mashonaland Central
Ruyamuro	RDC	RHC	Guruve District	Mashonaland Central
Bickdale	RDC	RHC	Guruve District	Mashonaland Central
Brandon	RDC	RHC	Guruve District	Mashonaland Central
Concession	Govt.	District Hosp.	Mazowe District	Mashonaland Central
Mvurwi	Govt.	Rural Hosp.	Mazowe District	Mashonaland Central
Rosa	Govt.	Rural Hosp.	Mazowe District	Mashonaland Central
Howard	Mission	Rural Hosp.	Mazowe District	Mashonaland Central
Mozowe	Pvt.	Pvt. Hosp.	Mazowe District	Mashonaland Central
Chinehasha	Govt.	RHC	Mazowe District	Mashonaland Central
Nyakudya	Govt.	RHC	Mazowe District	Mashonaland Central
Shutu	Govt.	RHC	Mazowe District	Mashonaland Central
Bare	RDC	RHC	Mazowe District	Mashonaland Central
Makope	RDC	RHC	Mazowe District	Mashonaland Central
Jingamvura	RDC	RHC	Mazowe District	Mashonaland Central
Mukodzongi	RDC	RHC	Mazowe District	Mashonaland Central
Christon Bank	RDC	RHC	Mazowe District	Mashonaland Central
Begownie	RDC	Clinic	Mazowe District	Mashonaland Central
Home Eden	RDC	Clinic	Mazowe District	Mashonaland Central
Tsungubvi	RDC	RHC	Mazowe District	Mashonaland Central
Henderson	Pvt.	Clinic	Mazowe District	Mashonaland Central
Iron Duke	Mine	Clinic	Mazowe District	Mashonaland Central
Mazowe secondary	Mission	Clinic	Mazowe District	Mashonaland Central
Stories	Mine	Clinic	Mazowe District	Mashonaland Central
North eastern Medical	Pvt.	Clinic	Mazowe District	Mashonaland Central
Nzvimbo	RDC	RHC	Mazowe District	Mashonaland Central
Dambo	RDC	RHC	Mazowe District	Mashonaland Central
Hatcliffe	Govt.	RHC	Mazowe District	Mashonaland Central
Forester Estates	Pvt.	Clinic	Mazowe District	Mashonaland Central
Mvurwi FHS	RDC	Clinic	Mazowe District	Mashonaland Central
Montgomery Christian	Pvt.	Clinic	Mazowe District	Mashonaland Central
Mazowe	Mine	Clinic	Mazowe District	Mashonaland Central
Donje	RDC	Clinic	Mazowe District	Mashonaland Central
Vonabo	RDC	Clinic	Mazowe District	Mashonaland Central
Danbary	RDC	Clinic	Mazowe District	Mashonaland Central
Davaer	RDC	Clinic	Mazowe District	Mashonaland Central
Mongomery	RDC	Clinic	Mazowe District	Mashonaland Central
Shopo	RDC	Clinic	Mazowe District	Mashonaland Central
Mt. Darwin	Govt.	District Hosp.	Mt. Darwin District	Mashonaland Central
Dotito	Govt.	RHC	Mt. Darwin District	Mashonaland Central
Kamutsenzere	Govt.	RHC	Mt. Darwin District	Mashonaland Central
Mukumbura	Govt.	RHC	Mt. Darwin District	Mashonaland Central
Nyamahobgo	Govt.	RHC	Mt. Darwin District	Mashonaland Central
Pfunyanguo	Govt.	RHC	Mt. Darwin District	Mashonaland Central
Tsakare	Govt.	RHC	Mt. Darwin District	Mashonaland Central
Chawanda	RDC	RHC	Mt. Darwin District	Mashonaland Central
Kaitano	RDC	RHC	Mt. Darwin District	Mashonaland Central
Nembire	RDC	RHC	Mt. Darwin District	Mashonaland Central
Pachanza	RDC	RHC	Mt. Darwin District	Mashonaland Central
Mutungagore	Govt.	RHC	Mt. Darwin District	Mashonaland Central
Bveka	RDC	RHC	Mt. Darwin District	Mashonaland Central
Mutasa	Govt.	RHC	Mt. Darwin District	Mashonaland Central
ZRP	Govt.	Clinic	Mt. Darwin District	Mashonaland Central
Matope	RDC	Clinic	Mt. Darwin District	Mashonaland Central
Bandimba	RDC	Clinic	Mt. Darwin District	Mashonaland Central
Chimbu	RDC	Clinic	Mt. Darwin District	Mashonaland Central
Chimhanda	Govt.	District Hosp.	Rushinga District	Mashonaland Central
Mary Mt.	Mission	Rural Hosp.	Rushinga District	Mashonaland Central
Mukosa	Govt.	RHC	Rushinga District	Mashonaland Central
Mukonde	Govt.	RHC	Rushinga District	Mashonaland Central
Nhawa	Govt.	RHC	Rushinga District	Mashonaland Central
Rushinga	Govt.	RHC	Rushinga District	Mashonaland Central
Mazowe Camp	Govt.	Clinic	Rushinga District	Mashonaland Central
Nyamatikiti	Govt.	Clinic	Rushinga District	Mashonaland Central
Bungwe	RDC	RHC	Rushinga District	Mashonaland Central
rusambo	RDC	RHC	Rushinga District	Mashonaland Central
Chimhanda	RDC	RHC	Rushinga District	Mashonaland Central
Murambinda	Mission	Designated Dist. Hosp.	Buhera District	Manicaland Province
Buhera	Govt.	Rural Hosp.	Buhera District	Manicaland Province
Birchenough Bridge	Govt.	Rural Hosp.	Buhera District	Manicaland Province
Betera	Govt.	RHC	Buhera District	Manicaland Province
Madzimbashuro	Govt.	RHC	Buhera District	Manicaland Province
Mombeyarara	Govt.	RHC	Buhera District	Manicaland Province
Murwira	Govt.	RHC	Buhera District	Manicaland Province
Zagama	Govt.	RHC	Buhera District	Manicaland Province
Nyashanu	RDC	Clinic	Buhera District	Manicaland Province
Chapwanya	RDC	Clinic	Buhera District	Manicaland Province
Chiweshe	RDC	Clinic	Buhera District	Manicaland Province
Gombe	RDC	Clinic	Buhera District	Manicaland Province
Nerutanga	RDC	Clinic	Buhera District	Manicaland Province
Rambanapasi	RDC	Clinic	Buhera District	Manicaland Province
Bangure	RDC	Clinic	Buhera District	Manicaland Province
Chabata	RDC	Clinic	Buhera District	Manicaland Province
Chirozva	RDC	Clinic	Buhera District	Manicaland Province
Mutiusinazita	RDC	Clinic	Buhera District	Manicaland Province
Muzokomba	RDC	Clinic	Buhera District	Manicaland Province
Chapanduka	RDC	Clinic	Buhera District	Manicaland Province
Dorowa	Mine	Clinic	Buhera District	Manicaland Province
Dandaware	Pvt.	Clinic	Buhera District	Manicaland Province
Mutepfe	RDC	Clinic	Buhera District	Manicaland Province
Munyanyi	RDC	Clinic	Buhera District	Manicaland Province
Garamwera	RDC	Clinic	Buhera District	Manicaland Province
Chiwenga	RDC	Clinic	Buhera District	Manicaland Province
Mudanda	RDC	Clinic	Buhera District	Manicaland Province
Gunura	RDC	Clinic	Buhera District	Manicaland Province
Mudavose	RDC	Clinic	Buhera District	Manicaland Province
Chimbudzi	RDC	Clinic	Buhera District	Manicaland Province
Bere	RDC	RHC	Buhera District	Manicaland Province
Chimanimani	Govt.	Rural Hosp.	Chimanimani District.	Manicaland Province
Birwiri	Govt.	Rural Hosp.	Chimanimani District.	Manicaland Province
Nyanyadzi	Govt.	Rural Hosp.	Chimanimani District.	Manicaland Province
Mutambara	Mission	Designated Dist. Hosp.	Chimanimani District.	Manicaland Province
Rusitu	Mission	Rural Hosp.	Chimanimani District.	Manicaland Province
Changazi	Govt.	RHC	Chimanimani District.	Manicaland Province
Chikukwa	Govt.	RHC	Chimanimani District.	Manicaland Province
Muchadziya	Govt.	RHC	Chimanimani District.	Manicaland Province
Bumba	Govt.	RHC	Chimanimani District.	Manicaland Province
Chayamiti	Govt.	RHC	Chimanimani District.	Manicaland Province
Chakohwa	RDC	RHC	Chimanimani District.	Manicaland Province
Chikwakwa	RDC	RHC	Chimanimani District.	Manicaland Province
Gudyanga	RDC	Clinic	Chimanimani District.	Manicaland Province
Mustvangwa	RDC	Clinic	Chimanimani District.	Manicaland Province
Shinje	RDC	Clinic	Chimanimani District.	Manicaland Province
Roscommon	Pvt.	Clinic	Chimanimani District.	Manicaland Province
Tilbury	Commercial	Clinic	Chimanimani District.	Manicaland Province
Arda	Commercial	Clinic	Chimanimani District.	Manicaland Province
Charter	Commercial	Clinic	Chimanimani District.	Manicaland Province
Gwindingwi	Commercial	Clinic	Chimanimani District.	Manicaland Province
Chisengu	Commercial	Clinic	Chimanimani District.	Manicaland Province
Cashel	Commercial	Clinic	Chimanimani District.	Manicaland Province
Martin Forest	Commercial	Clinic	Chimanimani District.	Manicaland Province
Nyahode	Govt.	Clinic	Chimanimani District.	Manicaland Province
Ngorima	RDC	Clinic	Chimanimani District.	Manicaland Province
PSZ	NGO	Clinic	Chimanimani District.	Manicaland Province
Chipinge	Govt.	District Hosp.	Chipinge District	Manicaland Province
St. Peters	Mission	Rural Hosp.	Chipinge District	Manicaland Province
Mt. Selinda	Mission	Rural Hosp.	Chipinge District	Manicaland Province
Chikore	Mission	Rural Hosp.	Chipinge District	Manicaland Province
Gwenzi	Mission	Clinic	Chipinge District	Manicaland Province
Chinyamukwakwa	Govt.	RHC	Chipinge District	Manicaland Province
Kopera	Govt.	RHC	Chipinge District	Manicaland Province
Mabee	Govt.	RHC	Chipinge District	Manicaland Province
Mahenye	Govt.	RHC	Chipinge District	Manicaland Province
Paidamoyo	Govt.	RHC	Chipinge District	Manicaland Province
Tanganda	Govt.	RHC	Chipinge District	Manicaland Province
Msilizwi	Govt.	RHC	Chipinge District	Manicaland Province
Gumira	RDC	Clinic	Chipinge District	Manicaland Province
Kondo	RDC	Clinic	Chipinge District	Manicaland Province
Madhuku	RDC	Clinic	Chipinge District	Manicaland Province
Manzvire	RDC	Clinic	Chipinge District	Manicaland Province
Matanadhwe	RDC	Clinic	Chipinge District	Manicaland Province
Rimbi	RDC	Clinic	Chipinge District	Manicaland Province
Vheneka	RDC	Clinic	Chipinge District	Manicaland Province
Zamuchiya	RDC	Clinic	Chipinge District	Manicaland Province
Hwakata	RDC	Clinic	Chipinge District	Manicaland Province
Chipangai	RDC	Clinic	Chipinge District	Manicaland Province
Chiriga	RDC	Clinic	Chipinge District	Manicaland Province
Gaza	RDC	Clinic	Chipinge District	Manicaland Province
Junction	RDC	Clinic	Chipinge District	Manicaland Province
Mutema	RDC	Clinic	Chipinge District	Manicaland Province
Ngaone	RDC	Clinic	Chipinge District	Manicaland Province
Silverstream	Commercial	Clinic	Chipinge District	Manicaland Province
Clearwater	Commercial	Clinic	Chipinge District	Manicaland Province
Arda Middle Save	Commercial	Clinic	Chipinge District	Manicaland Province
Takawira	Commercial	Clinic	Chipinge District	Manicaland Province
Jersey	Commercial	Clinic	Chipinge District	Manicaland Province
New Year’s Gift	Commercial	Clinic	Chipinge District	Manicaland Province
Rattleshoek	Commercial	Clinic	Chipinge District	Manicaland Province
Zona	Commercial	Clinic	Chipinge District	Manicaland Province
Southdown	Commercial	Clinic	Chipinge District	Manicaland Province
Checheche	RDC	Clinic	Chipinge District	Manicaland Province
Smaldale	RDC	Clinic	Chipinge District	Manicaland Province
Musani	RDC	Clinic	Chipinge District	Manicaland Province
Tuzuka	RDC	Clinic	Chipinge District	Manicaland Province
Maparadze	RDC	Clinic	Chipinge District	Manicaland Province
Chisuma	RDC	Clinic	Chipinge District	Manicaland Province
Tongogara	Refugee Camp	Clinic	Chipinge District	Manicaland Province
Chipinge	Town council	Clinic	Chipinge District	Manicaland Province
Tamandai	Pvt.	Clinic	Chipinge District	Manicaland Province
Mt. Selinda	Mission	Rural Hosp.	Chipinge District	Manicaland Province
Arda Chisumbanje	Commercial	Clinic	Chipinge District	Manicaland Province
Rusape	Govt.	District Hosp.	Makoni District	Manicaland Province
Bamba	Govt.	RHC	Makoni District	Manicaland Province
Chikobvore	Govt.	RHC	Makoni District	Manicaland Province
Chinhenga	Govt.	RHC	Makoni District	Manicaland Province
Chinyika I	Govt.	RHC	Makoni District	Manicaland Province
Chinyika II	Govt.	RHC	Makoni District	Manicaland Province
Chinyudze	Govt.	RHC	Makoni District	Manicaland Province
Gowakowa	Govt.	RHC	Makoni District	Manicaland Province
Katsenga	Govt.	RHC	Makoni District	Manicaland Province
Maparura	Govt.	RHC	Makoni District	Manicaland Province
Masvosva	Govt.	RHC	Makoni District	Manicaland Province
Matotwe	Govt.	RHC	Makoni District	Manicaland Province
Mayo I	Govt.	RHC	Makoni District	Manicaland Province
Mayo II	Govt.	RHC	Makoni District	Manicaland Province
Nyahukwe	Govt.	RHC	Makoni District	Manicaland Province
Nyahove	Govt.	RHC	Makoni District	Manicaland Province
Nyamukamani	Govt.	RHC	Makoni District	Manicaland Province
Makoni	Govt.	Rural Hosp.	Makoni District	Manicaland Province
Weya	Govt.	Rural Hosp.	Makoni District	Manicaland Province
Nyamidzi	RDC	Clinic	Makoni District	Manicaland Province
Rukweza	RDC	Clinic	Makoni District	Manicaland Province
Era Mine	RDC	Clinic	Makoni District	Manicaland Province
Mubvurungwa	RDC	Clinic	Makoni District	Manicaland Province
Chiduku	RDC	Clinic	Makoni District	Manicaland Province
Chikore	RDC	Clinic	Makoni District	Manicaland Province
Dowa	RDC	Clinic	Makoni District	Manicaland Province
Matsika	RDC	Clinic	Makoni District	Manicaland Province
Mukamba	RDC	Clinic	Makoni District	Manicaland Province
Tandi	RDC	Clinic	Makoni District	Manicaland Province
Toriro	RDC	Clinic	Makoni District	Manicaland Province
Tsanzaguru	RDC	Clinic	Makoni District	Manicaland Province
Dumbamwe	RDC	Clinic	Makoni District	Manicaland Province
Vengere	RDC	Clinic	Makoni District	Manicaland Province
Headlands	RDC	Clinic	Makoni District	Manicaland Province
Nyazura	RDC	Clinic	Makoni District	Manicaland Province
St. Micheals	Mission	Rural Hosp.	Makoni District	Manicaland Province
St. Theresa	Mission	Rural Hosp.	Makoni District	Manicaland Province
Anoldine	Mission	Clinic	Makoni District	Manicaland Province
Chinyadza	Mission	Clinic	Makoni District	Manicaland Province
Nyazura	Mission	Clinic	Makoni District	Manicaland Province
Ringanai	RDC	Clinic	Makoni District	Manicaland Province
Mavhudzi	Govt.	Clinic	Makoni District	Manicaland Province
Gorubi	Govt.	Clinic	Makoni District	Manicaland Province
Mutare	Govt.	Provincial Hosp.	Mutare  District	Manicaland Province
Marange	Govt.	Rural Hosp.	Mutare  District	Manicaland Province
Mt. Zuma	Govt.	RHC	Mutare  District	Manicaland Province
Guturare	Govt.	RHC	Mutare  District	Manicaland Province
Gwindingwi	Govt.	RHC	Mutare  District	Manicaland Province
Muromo	Govt.	RHC	Mutare  District	Manicaland Province
Nyamazura	Govt.	RHC	Mutare  District	Manicaland Province
Nyagundi	Govt.	RHC	Mutare  District	Manicaland Province
Chiadzwa	Govt.	RHC	Mutare  District	Manicaland Province
Chiwere	Govt.	RHC	Mutare  District	Manicaland Province
Zvipiripiri	RDC	RHC	Mutare  District	Manicaland Province
Bazerly	RDC	RHC	Mutare  District	Manicaland Province
Burma Valley	RDC	RHC	Mutare  District	Manicaland Province
Bakorenhema	RDC	RHC	Mutare  District	Manicaland Province
Chitakatira	RDC	RHC	Mutare  District	Manicaland Province
Chitaka	RDC	RHC	Mutare  District	Manicaland Province
Chipfatsura	RDC	RHC	Mutare  District	Manicaland Province
Mambwere	RDC	RHC	Mutare  District	Manicaland Province
Mukwanda	RDC	RHC	Mutare  District	Manicaland Province
Nzvenga	RDC	RHC	Mutare  District	Manicaland Province
Masasi	RDC	RHC	Mutare  District	Manicaland Province
Mushunje	RDC	RHC	Mutare  District	Manicaland Province
Odzi	RDC	Rural Hosp.	Mutare  District	Manicaland Province
Zimunya	RDC	RHC	Mutare  District	Manicaland Province
Zumbare	RDC	RHC	Mutare  District	Manicaland Province
Rowa	RDC	RHC	Mutare  District	Manicaland Province
Chikwariro	Mission	Rural Hosp.	Mutare  District	Manicaland Province
St. Andrews	Mission	Rural Hosp.	Mutare  District	Manicaland Province
St. Joseph (TB)	Mission	Rural Hosp.	Mutare  District	Manicaland Province
Vumba	Commercial	Clinic	Mutare  District	Manicaland Province
Sakubva	Govt.	District Hosp.	Mutare  District	Manicaland Province
Mavhiza	RDC	RHC	Mutare  District	Manicaland Province
Dora	RDC	RHC	Mutare  District	Manicaland Province
Chapendeka	Govt.	RHC	Mutare  District	Manicaland Province
Chishingwi	RDC	RHC	Mutare  District	Manicaland Province
Bwizi	RDC	RHC	Mutare  District	Manicaland Province
Mutanda	RDC	RHC	Mutare  District	Manicaland Province
Chitora	RDC	RHC	Mutare  District	Manicaland Province
Hauna	Govt.	District Hosp.	Mutasa District	Manicaland Province
Tsonzo	Govt.	Rural Hosp.	Mutasa District	Manicaland Province
Sherukuru	Govt.	RHC	Mutasa District	Manicaland Province
Gavhanga	Govt.	RHC	Mutasa District	Manicaland Province
Rupinda	Govt.	RHC	Mutasa District	Manicaland Province
Old Mutare	Mission	Rural Hosp.	Mutasa District	Manicaland Province
Bonda	Mission	Rural Hosp.	Mutasa District	Manicaland Province
St. Augustines	Mission	Clinic	Mutasa District	Manicaland Province
St. Barbaras	Mission	Rural Hosp.	Mutasa District	Manicaland Province
Triashill	Mission	Rural Hosp.	Mutasa District	Manicaland Province
Gatsi	Mission	Clinic	Mutasa District	Manicaland Province
Honde	Mission	Clinic	Mutasa District	Manicaland Province
Mutasa	RDC	RHC	Mutasa District	Manicaland Province
Mandeya II	RDC	RHC	Mutasa District	Manicaland Province
Sachisuko	RDC	RHC	Mutasa District	Manicaland Province
Sagambe	RDC	RHC	Mutasa District	Manicaland Province
Mapara	RDC	RHC	Mutasa District	Manicaland Province
Rumbidzai	RDC	RHC	Mutasa District	Manicaland Province
Hauna	RDC	RHC	Mutasa District	Manicaland Province
Sadziwa	RDC	RHC	Mutasa District	Manicaland Province
Ngarura	RDC	RHC	Mutasa District	Manicaland Province
Sahumani	RDC	RHC	Mutasa District	Manicaland Province
Mupotedzi	RDC	RHC	Mutasa District	Manicaland Province
Samanga	RDC	RHC	Mutasa District	Manicaland Province
Sakupwanya	RDC	RHC	Mutasa District	Manicaland Province
Guta	RDC	RHC	Mutasa District	Manicaland Province
Moyoweshumba	RDC	RHC	Mutasa District	Manicaland Province
Zongororo	RDC	RHC	Mutasa District	Manicaland Province
Mt. Jenya	RDC	RHC	Mutasa District	Manicaland Province
Drenan	Commercial	Clinic	Mutasa District	Manicaland Province
Sheba	Commercial	Clinic	Mutasa District	Manicaland Province
Redwing	Commercial	Clinic	Mutasa District	Manicaland Province
Imbeza	Commercial	Clinic	Mutasa District	Manicaland Province
FITC	Commercial	Clinic	Mutasa District	Manicaland Province
Stapleford	Commercial	Clinic	Mutasa District	Manicaland Province
Aberfoyle	Commercial	Clinic	Mutasa District	Manicaland Province
Selborne	Commercial	Clinic	Mutasa District	Manicaland Province
Katiyo	Commercial	Clinic	Mutasa District	Manicaland Province
EHTE	Commercial	Clinic	Mutasa District	Manicaland Province
St. Peters	Mission	Clinic	Mutasa District	Manicaland Province
Hauna	RDC	Clinic	Mutasa District	Manicaland Province
Chingamwe	RDC	Clinic	Mutasa District	Manicaland Province
Jombe	RDC	Clinic	Mutasa District	Manicaland Province
Nyanga	Govt.	District Hosp.	Nyanga District	Manicaland Province
Dombo	Govt.	RHC	Nyanga District	Manicaland Province
Gairezi	Govt.	RHC	Nyanga District	Manicaland Province
Gotekote	Govt.	RHC	Nyanga District	Manicaland Province
Matize	Govt.	RHC	Nyanga District	Manicaland Province
Nyarumvurwe	Govt.	RHC	Nyanga District	Manicaland Province
Nyautare	Govt.	RHC	Nyanga District	Manicaland Province
Ruchera	Govt.	RHC	Nyanga District	Manicaland Province
Regina Coeli	Mission	Rural Hosp.	Nyanga District	Manicaland Province
Mt. Mellery	Mission	Rural Hosp.	Nyanga District	Manicaland Province
Avilla	Mission	Rural Hosp.	Nyanga District	Manicaland Province
Elim	Mission	Rural Hosp.	Nyanga District	Manicaland Province
Nyamombe	Mission	Clinic	Nyanga District	Manicaland Province
Chatindo	RDC	RHC	Nyanga District	Manicaland Province
Fombe	RDC	RHC	Nyanga District	Manicaland Province
Nyadowa	RDC	RHC	Nyanga District	Manicaland Province
Nyafaru	RDC	RHC	Nyanga District	Manicaland Province
Nyamaropa	RDC	RHC	Nyanga District	Manicaland Province
Nyatate	RDC	RHC	Nyanga District	Manicaland Province
Tombo	RDC	RHC	Nyanga District	Manicaland Province
Sabvura	RDC	RHC	Nyanga District	Manicaland Province
Erin Forest	Commercial	Clinic	Nyanga District	Manicaland Province
Nyangui Forest	Commercial	Clinic	Nyanga District	Manicaland Province
Chiwarira	RDC	Clinic	Nyanga District	Manicaland Province
Kambudzi	RDC	Clinic	Nyanga District	Manicaland Province
Chimusasa	RDC	Clinic	Nyanga District	Manicaland Province
Dangamvura	Municipality	Polyclinic	Mutare City	Manicaland Province
Chikanga	Municipality	Clinic	Mutare City	Manicaland Province
Florida	Municipality	Clinic	Mutare City	Manicaland Province
Fern Valley	Municipality	Clinic	Mutare City	Manicaland Province
Mutare	Municipality	Clinic	Mutare City	Manicaland Province
Sakubva	Municipality	Polyclinic	Mutare City	Manicaland Province
Bikita	Govt.	Rural Hosp.	Bikita District	Masvingo Province
Chikuku	Govt.	RHC	Bikita District	Masvingo Province
Marozva	RDC	RHC	Bikita District	Masvingo Province
Mashoko	Mission	Rural Hosp.	Bikita District	Masvingo Province
Silveira	Mission	Rural Hosp.	Bikita District	Masvingo Province
Nyika	Govt.	RHC	Bikita District	Masvingo Province
Pfupajena	RDC	RHC	Bikita District	Masvingo Province
Mkanga	Govt.	RHC	Bikita District	Masvingo Province
Dewure I	Govt.	RHC	Bikita District	Masvingo Province
Dewure II	Govt.	RHC	Bikita District	Masvingo Province
Mukore	Govt.	RHC	Bikita District	Masvingo Province
Mungezi	RDC	RHC	Bikita District	Masvingo Province
Negovano	RDC	RHC	Bikita District	Masvingo Province
Odzi	RDC	RHC	Bikita District	Masvingo Province
Hozvi	RDC	Clinic	Bikita District	Masvingo Province
Bikita Minerals	Mine	Clinic	Bikita District	Masvingo Province
Chitasa	RDC	Clinic	Bikita District	Masvingo Province
Ngorima	Govt.	Clinic	Bikita District	Masvingo Province
Chirorwe	Govt.	Clinic	Bikita District	Masvingo Province
Mutikizizi	RDC	Clinic	Bikita District	Masvingo Province
Gangare	RDC	Clinic	Bikita District	Masvingo Province
Gava	RDC	Clinic	Bikita District	Masvingo Province
Murwira	RDC	RHC	Bikita District	Masvingo Province
Chiredzi	Govt.	District Hosp.	Chiredzi District	Masvingo Province
Chikombedzi	Mission	Rural Hosp.	Chiredzi District	Masvingo Province
Collin Saunders	Pvt.	Clinic	Chiredzi District	Masvingo Province
Muteyo	Govt.	RHC	Chiredzi District	Masvingo Province
Chizvirizvi	Govt.	RHC	Chiredzi District	Masvingo Province
Nyangambe	Govt.	RHC	Chiredzi District	Masvingo Province
Chambuta	Govt.	RHC	Chiredzi District	Masvingo Province
Chilonga	Govt.	RHC	Chiredzi District	Masvingo Province
Mhlanguleni	Govt.	RHC	Chiredzi District	Masvingo Province
Old Boli	Govt.	RHC	Chiredzi District	Masvingo Province
Malipati	Govt.	RHC	Chiredzi District	Masvingo Province
Gezani	Govt.	RHC	Chiredzi District	Masvingo Province
Davata	Govt.	RHC	Chiredzi District	Masvingo Province
Samu	Govt.	RHC	Chiredzi District	Masvingo Province
Chitsa	RDC	Clinic	Chiredzi District	Masvingo Province
Rupangwana	RDC	Clinic	Chiredzi District	Masvingo Province
St. Jospeth	RDC	Clinic	Chiredzi District	Masvingo Province
Pore-pore	RDC	Clinic	Chiredzi District	Masvingo Province
Chipiwa	RDC	Clinic	Chiredzi District	Masvingo Province
Chibwedziva	RDC	Clinic	Chiredzi District	Masvingo Province
Makande	RDC	Clinic	Chiredzi District	Masvingo Province
Rutandare	RDC	Clinic	Chiredzi District	Masvingo Province
Dunisa	RDC	Clinic	Chiredzi District	Masvingo Province
Chingele	Mission	Clinic	Chiredzi District	Masvingo Province
Damarakanaka	Mission	Clinic	Chiredzi District	Masvingo Province
Tshovani	Town council	Polyclinic	Chiredzi District	Masvingo Province
Hippo Valley	Commercial	Clinic	Chiredzi District	Masvingo Province
ZRP	ZRP	Clinic	Chiredzi District	Masvingo Province
Mkwasine	Commercial	Clinic	Chiredzi District	Masvingo Province
NRZ	Industry	Clinic	Chiredzi District	Masvingo Province
Pahlela	Pvt.	Clinic	Chiredzi District	Masvingo Province
ZSA	Pvt.	Clinic	Chiredzi District	Masvingo Province
Triangle	Pvt.	Hospital	Chiredzi District	Masvingo Province
Chivi	Govt.	District Hosp.	Chivi District	Masvingo Province
Chivi	Govt.	Rural Hosp.	Chivi District	Masvingo Province
Berejena	Mission	Clinic	Chivi District	Masvingo Province
Chigwikwi	Govt.	RHC	Chivi District	Masvingo Province
Mhandamabwe	Govt.	RHC	Chivi District	Masvingo Province
Ngundu	Govt.	RHC	Chivi District	Masvingo Province
Razi	Govt.	RHC	Chivi District	Masvingo Province
Takavarasha	Govt.	RHC	Chivi District	Masvingo Province
Nyahombe	Govt.	RHC	Chivi District	Masvingo Province
Chifedza	RDC	RHC	Chivi District	Masvingo Province
Davira	RDC	RHC	Chivi District	Masvingo Province
Madamombe	RDC	RHC	Chivi District	Masvingo Province
Shindi	RDC	RHC	Chivi District	Masvingo Province
Vuranda	RDC	RHC	Chivi District	Masvingo Province
Chivi	Mission	Clinic	Chivi District	Masvingo Province
Gutu	Govt.	Rural Hosp.	Gutu District	Masvingo Province
Gutu	Mission	Rural Hosp.	Gutu District	Masvingo Province
Chinyika	Govt.	Rural Hosp.	Gutu District	Masvingo Province
Cheshuro	RDC	RHC	Gutu District	Masvingo Province
Chitando	Govt.	Rural Hosp.	Gutu District	Masvingo Province
Chiwore	RDC	RHC	Gutu District	Masvingo Province
Denhere	RDC	RHC	Gutu District	Masvingo Province
Dewure	RDC	RHC	Gutu District	Masvingo Province
Magombedze	RDC	RHC	Gutu District	Masvingo Province
Chitsa	RDC	RHC	Gutu District	Masvingo Province
Majada	Govt.	RHC	Gutu District	Masvingo Province
Matizha	Govt.	RHC	Gutu District	Masvingo Province
Mazuru	RDC	RHC	Gutu District	Masvingo Province
Chimombe	Govt.	RHC	Gutu District	Masvingo Province
Mukaro	Mission	Clinic	Gutu District	Masvingo Province
Munyikwa	RDC	RHC	Gutu District	Masvingo Province
Mushaviri	Govt.	RHC	Gutu District	Masvingo Province
Mutema	Govt.	RHC	Gutu District	Masvingo Province
Mutero	Mission	Clinic	Gutu District	Masvingo Province
Nemashakwe	RDC	Clinic	Gutu District	Masvingo Province
Nyazvidzi	RDC	RHC	Gutu District	Masvingo Province
Serima	Mission	Clinic	Gutu District	Masvingo Province
Soli Source	Govt.	Clinic	Gutu District	Masvingo Province
Tirizi	RDC	Clinic	Gutu District	Masvingo Province
Zinhata	RDC	Clinic	Gutu District	Masvingo Province
Zvavahera	Govt.	RHC	Gutu District	Masvingo Province
Masvingo	Govt.	Provincial Hosp.	Masvingo District	Masvingo Province
Nyajena	Govt.	Rural Hosp.	Masvingo District	Masvingo Province
Morgenister	Mission	Designated Dist. Hosp.	Masvingo District	Masvingo Province
Gurajena	Govt.	Rural Hosp.	Masvingo District	Masvingo Province
Gokomere	Mission	Clinic	Masvingo District	Masvingo Province
Gathsmine	Mine	Pvt. Hosp.	Masvingo District	Masvingo Province
Alvord	Govt.	Clinic	Masvingo District	Masvingo Province
Mukosi	Govt.	Clinic	Masvingo District	Masvingo Province
Mushandike	Govt.	Clinic	Masvingo District	Masvingo Province
Musvosvi	Govt.	Clinic	Masvingo District	Masvingo Province
Mutimurefu	Govt.	Clinic	Masvingo District	Masvingo Province
Nemamwa	Govt.	RHC	Masvingo District	Masvingo Province
Nyikavanhu	Govt.	RHC	Masvingo District	Masvingo Province
ZRP	Govt.	Clinic	Masvingo District	Masvingo Province
41 Brigade	Govt.	Clinic	Masvingo District	Masvingo Province
Masvingo Teachers	Govt.	Clinic	Masvingo District	Masvingo Province
Masvingo Tech.	Govt.	Clinic	Masvingo District	Masvingo Province
Summerton	Govt.	RHC	Masvingo District	Masvingo Province
Charumbira	RDC	RHC	Masvingo District	Masvingo Province
Chatikobo	RDC	Clinic	Masvingo District	Masvingo Province
Gundura	RDC	Clinic	Masvingo District	Masvingo Province
Mapanzure	RDC	Clinic	Masvingo District	Masvingo Province
Bere	RDC	Clinic	Masvingo District	Masvingo Province
Murinye	RDC	Clinic	Masvingo District	Masvingo Province
Rukowo	RDC	Clinic	Masvingo District	Masvingo Province
Shumba	RDC	Clinic	Masvingo District	Masvingo Province
Zimuti BC	RDC	Clinic	Masvingo District	Masvingo Province
Mucheke	Municipality	Clinic	Masvingo District	Masvingo Province
Zano	RDC	Clinic	Masvingo District	Masvingo Province
Guwa	RDC	Clinic	Masvingo District	Masvingo Province
Renco	Mine	Clinic	Masvingo District	Masvingo Province
Lennox	Mine	Clinic	Masvingo District	Masvingo Province
Makurira	Pvt.	Clinic	Masvingo District	Masvingo Province
Rujeko	Municipality	Clinic	Masvingo District	Masvingo Province
Runyararo	Municipality	Clinic	Masvingo District	Masvingo Province
Bondolfi	Mission	Clinic	Masvingo District	Masvingo Province
Shonganiso	Mission	Clinic	Masvingo District	Masvingo Province
Zimuto	Mission	Clinic	Masvingo District	Masvingo Province
Stanmore	Govt.	Clinic	Masvingo District	Masvingo Province
Shashe	RDC	Clinic	Masvingo District	Masvingo Province
Masvingo Prison	Govt.	Clinic	Masvingo District	Masvingo Province
Neshuro	Govt.	District Hosp.	Mwenezi District.	Masvingo Province
Matibi	Mission	Rural Hosp.	Mwenezi District.	Masvingo Province
Chimbudzi	Govt.	RHC	Mwenezi District.	Masvingo Province
Chirindi	Govt.	RHC	Mwenezi District.	Masvingo Province
Chizumba	Govt.	RHC	Mwenezi District.	Masvingo Province
Maranda	Govt.	Clinic	Mwenezi District.	Masvingo Province
Nehanda	Govt.	Clinic	Mwenezi District.	Masvingo Province
Rutenga	Govt.	Clinic	Mwenezi District.	Masvingo Province
Mazetese	RDC	Clinic	Mwenezi District.	Masvingo Province
Mushava	RDC	Clinic	Mwenezi District.	Masvingo Province
Mwenezi	RDC	Clinic	Mwenezi District.	Masvingo Province
Murove	RDC	Clinic	Mwenezi District.	Masvingo Province
Mlelezi	RDC	Clinic	Mwenezi District.	Masvingo Province
Boterere	RDC	Clinic	Mwenezi District.	Masvingo Province
Rutenga NRZ	Pvt.	Clinic	Mwenezi District.	Masvingo Province
Mwenezana	Pvt.	Clinic	Mwenezi District.	Masvingo Province
Maranda	Mission	Rural Hosp.	Mwenezi District.	Masvingo Province
Lundi	Mission	Clinic	Mwenezi District.	Masvingo Province
Ndanga	Govt.	District Hosp.	Zaka District	Masvingo Province
Musiso	Mission	Rural Hosp.	Zaka District	Masvingo Province
Chipinda	Govt.	RHC	Zaka District	Masvingo Province
Harava	Govt.	RHC	Zaka District	Masvingo Province
Nemauku	Govt.	RHC	Zaka District	Masvingo Province
Svuure	Govt.	RHC	Zaka District	Masvingo Province
Zibwowa	Govt.	RHC	Zaka District	Masvingo Province
Bota	RDC	RHC	Zaka District	Masvingo Province
Bvukururu	RDC	RHC	Zaka District	Masvingo Province
Chinyabako	RDC	Clinic	Zaka District	Masvingo Province
Chiredzana	RDC	Clinic	Zaka District	Masvingo Province
Fube	RDC	Clinic	Zaka District	Masvingo Province
Jichidza	RDC	Clinic	Zaka District	Masvingo Province
Mushaya	RDC	Clinic	Zaka District	Masvingo Province
Ndanga	RDC	Clinic	Zaka District	Masvingo Province
Nhema	RDC	Clinic	Zaka District	Masvingo Province
Nyakunhuwa	RDC	Clinic	Zaka District	Masvingo Province
Siyawareva	RDC	Clinic	Zaka District	Masvingo Province
Jerera	RDC	Clinic	Zaka District	Masvingo Province
Veza	RDC	Clinic	Zaka District	Masvingo Province
Jichidza	Mission	Clinic	Zaka District	Masvingo Province
Mageza	RDC	Clinic	Zaka District	Masvingo Province
Zibwowa	Govt.	RHC	Zaka District	Masvingo Province
Binga	Govt.	District Hosp.	Binga District	Matabeleland North
Siabuwa	Govt.	Rural Hosp.	Binga District	Matabeleland North
Kariangwe	Mission	Rural Hosp.	Binga District	Matabeleland North
Chunga	Govt.	RHC	Binga District	Matabeleland North
Lubimbi	Govt.	RHC	Binga District	Matabeleland North
Lusuli	Govt.	RHC	Binga District	Matabeleland North
Muchesu	Govt.	RHC	Binga District	Matabeleland North
Siasumbu	Govt.	RHC	Binga District	Matabeleland North
Chinengo	Govt.	RHC	Binga District	Matabeleland North
Pashu	RDC	RHC	Binga District	Matabeleland North
Tinde	Mission	RHC	Binga District	Matabeleland North
Simatelele	Govt.	RHC	Binga District	Matabeleland North
Sinasengue	Govt.	RHC	Binga District	Matabeleland North
Sinangonde	Govt.	RHC	Binga District	Matabeleland North
Inyathi	Govt.	District Hosp.	Bubi District	Matabeleland North
Lukala	Govt.	RHC	Bubi District	Matabeleland North
Mbembeswana	RDC	RHC	Bubi District	Matabeleland North
Siganda	RDC	RHC	Bubi District	Matabeleland North
Balanda	RDC	RHC	Bubi District	Matabeleland North
Majiji	RDC	RHC	Bubi District	Matabeleland North
Isabella	Pvt.	Clinic	Bubi District	Matabeleland North
Sikhumi	Govt.	Clinic	Bubi District	Matabeleland North
Mdutshana	Govt.	RHC	Bubi District	Matabeleland North
Casyman (Turk)	Govt.	RHC	Bubi District	Matabeleland North
Victoria Falls	Govt.	District Hosp.	Hwange District	Matabeleland North
Lukosi	Govt.	Rural Hosp.	Hwange District	Matabeleland North
Kamativi	Mission	RHC	Hwange District	Matabeleland North
Wankie Colliery	Industry	Pvt. Hosp.	Hwange District	Matabeleland North
Chisuma	Govt.	RHC	Hwange District	Matabeleland North
Jambezi	Govt.	RHC	Hwange District	Matabeleland North
Kanyambizi	Govt.	RHC	Hwange District	Matabeleland North
Makwandara	Govt.	RHC	Hwange District	Matabeleland North
Mwemba	Govt.	RHC	Hwange District	Matabeleland North
dete	RDC	Clinic	Hwange District	Matabeleland North
Dinde	RDC	Clinic	Hwange District	Matabeleland North
ZRP Vic. Falls	Govt.	Clinic	Hwange District	Matabeleland North
Lupote	RDC	Clinic	Hwange District	Matabeleland North
Main Camp (National	Pvt.	Clinic	Hwange District	Matabeleland North
Ndlovu	RDC	Clinic	Hwange District	Matabeleland North
Simangani	RDC	Clinic	Hwange District	Matabeleland North
Vic. Falls hotel	Pvt.	Clinic	Hwange District	Matabeleland North
Mabale	RDC	Clinic	Hwange District	Matabeleland North
No. 4 North Hill	Industry	Clinic	Hwange District	Matabeleland North
Hwange Prisons	Govt.	Clinic	Hwange District	Matabeleland North
Zesa Dressing station	Pvt.	Clinic	Hwange District	Matabeleland North
Elephant Hills	Pvt.	Clinic	Hwange District	Matabeleland North
Hwange ZRP	Govt.	Clinic	Hwange District	Matabeleland North
Zesa Chibondo	Pvt.	Clinic	Hwange District	Matabeleland North
Empumalanga	Town council	Clinic	Hwange District	Matabeleland North
Chinotimba	Town council	Clinic	Hwange District	Matabeleland North
NRZ (Dete)	Pvt.	Clinic	Hwange District	Matabeleland North
NRZ (Ngimija)	Pvt.	Clinic	Hwange District	Matabeleland North
Zesa Ingagula	Pvt.	Clinic	Hwange District	Matabeleland North
NRZ (Surgery)	Pvt.	Clinic	Hwange District	Matabeleland North
Lukunguni	Mission	Rural Hosp.	Hwange District	Matabeleland North
No. 2 Colliery	Pvt.	Clinic	Hwange District	Matabeleland North
No.3 colliery	Pvt.	Clinic	Hwange District	Matabeleland North
No. 5 colliery	Pvt.	Clinic	Hwange District	Matabeleland North
No. 1 Colliery	Pvt.	Clinic	Hwange District	Matabeleland North
St. Patricks	Mission	Hosp.	Hwange District	Matabeleland North
St. Lukes	Mission	Designated Dist. Hosp.	Lupane District	Matabeleland North
St. Pauls	RDC	Rural Hosp.	Lupane District	Matabeleland North
Dongamuzi	Govt.	RHC	Lupane District	Matabeleland North
Gomoza	RDC	RHC	Lupane District	Matabeleland North
Jotsholo	Govt.	RHC	Lupane District	Matabeleland North
Kanyandavu	Govt.	Clinic	Lupane District	Matabeleland North
Lupaka	Govt.	RHC	Lupane District	Matabeleland North
Lupane	Govt.	RHC	Lupane District	Matabeleland North
Mdlankunzi	RDC	Clinic	Lupane District	Matabeleland North
Dandanda	Govt.	RHC	Lupane District	Matabeleland North
Gwayi	RDC	Clinic	Lupane District	Matabeleland North
Fatima	RDC	RHC	Lupane District	Matabeleland North
Nkayi	Govt.	District Hosp.	Nkayi District	Matabeleland North
Dakamela	Govt.	Rural Hosp.	Nkayi District	Matabeleland North
Mbuma	Mission	Rural Hosp.	Nkayi District	Matabeleland North
Sivalo	Govt.	RHC	Nkayi District	Matabeleland North
Ngwaladi	Govt.	RHC	Nkayi District	Matabeleland North
Zenka	Govt.	RHC	Nkayi District	Matabeleland North
mateme	Govt.	RHC	Nkayi District	Matabeleland North
Gwelutshena	Govt.	RHC	Nkayi District	Matabeleland North
Sebhumane	RDC	RHC	Nkayi District	Matabeleland North
Nesinwe	RDC	RHC	Nkayi District	Matabeleland North
Fanisoni	RDC	RHC	Nkayi District	Matabeleland North
Zinyangeni	RDC	RHC	Nkayi District	Matabeleland North
Sikhobokobo	RDC	RHC	Nkayi District	Matabeleland North
Sesemba	RDC	RHC	Nkayi District	Matabeleland North
Nyamandlovu	Govt.	District Hosp.	Umguza District	Matabeleland North
Clay Products	Pvt.	Clinic	Umguza District	Matabeleland North
Fair Bridge (ZRP)	Govt.	Clinic	Umguza District	Matabeleland North
Fingo	RDC	Clinic	Umguza District	Matabeleland North
Igusi	Govt.	Clinic	Umguza District	Matabeleland North
Mbembesi	Govt.	Clinic	Umguza District	Matabeleland North
Ntabazinduna	RDC	Clinic	Umguza District	Matabeleland North
St. James	Mission	Clinic	Umguza District	Matabeleland North
T.G. Silundika (Edu.)	Govt.	Clinic	Umguza District	Matabeleland North
UNICEM	Industry	Clinic	Umguza District	Matabeleland North
Imbizo Camp	Govt.	Clinic	Umguza District	Matabeleland North
Khami Prisons	Govt.	Clinic	Umguza District	Matabeleland North
One Ambulance Co.	Army	Hosp.	Umguza District	Matabeleland North
Grey prison	Govt.	Clinic	Umguza District	Matabeleland North
Ntabazinduna Training	Govt.	Clinic	Umguza District	Matabeleland North
Ntabazindunna Training	Govt.	Clinic	Umguza District	Matabeleland North
Umuntu	Govt.	RHC	Umguza District	Matabeleland North
Tsholotsho	Govt.	District Hosp.	Tsholotsho District	Matabeleland North
Tsholotsho Urban	RDC	Clinic	Tsholotsho District	Matabeleland North
Nkunzi	RDC	RHC	Tsholotsho District	Matabeleland North
Bubude	RDC	RHC	Tsholotsho District	Matabeleland North
Makaza	Govt.	RHC	Tsholotsho District	Matabeleland North
Madlangombe	RDC	RHC	Tsholotsho District	Matabeleland North
Phimula	Mission	Rural Hosp.	Tsholotsho District	Matabeleland North
Sodaka	Govt.	RHC	Tsholotsho District	Matabeleland North
Mtshayeli	Govt.	RHC	Tsholotsho District	Matabeleland North
Mlagisa	Govt.	RHC	Tsholotsho District	Matabeleland North
Sipepa	Govt.	Rural Hosp.	Tsholotsho District	Matabeleland North
Jimila	RDC	RHC	Tsholotsho District	Matabeleland North
Mpanedziba	RDC	RHC	Tsholotsho District	Matabeleland North
Kapane	RDC	RHC	Tsholotsho District	Matabeleland North
Siketnte	RDC	RHC	Tsholotsho District	Matabeleland North
Dlamini	RDC	RHC	Tsholotsho District	Matabeleland North
Beitbridge	Govt.	District Hosp.	Beitbridge District	Matabeleland South Province
Dulilavadzimu	RDC	Clinic	Beitbridge District	Matabeleland South Province
Tongwe	RDC	Clinic	Beitbridge District	Matabeleland South Province
Chisvingo	RDC	Clinic	Beitbridge District	Matabeleland South Province
Shashi	RDC	Clinic	Beitbridge District	Matabeleland South Province
Zezani	RDC	Clinic	Beitbridge District	Matabeleland South Province
Masera	RDC	Clinic	Beitbridge District	Matabeleland South Province
Chikwarakwara	Govt.	RHC	Beitbridge District	Matabeleland South Province
Shabwe	Govt.	RHC	Beitbridge District	Matabeleland South Province
Dite	Govt.	RHC	Beitbridge District	Matabeleland South Province
Majini	Govt.	RHC	Beitbridge District	Matabeleland South Province
Nottingham	Govt.	RHC	Beitbridge District	Matabeleland South Province
Makakabule	RDC	Clinic	Beitbridge District	Matabeleland South Province
ZRP	Govt.	Clinic	Beitbridge District	Matabeleland South Province
ZNA	Govt.	Clinic	Beitbridge District	Matabeleland South Province
NRZ	Pvt.	Clinic	Beitbridge District	Matabeleland South Province
Prison	Govt.	Clinic	Beitbridge District	Matabeleland South Province
Swereki	RDC	Clinic	Beitbridge District	Matabeleland South Province
Chamunangana	RDC	Clinic	Beitbridge District	Matabeleland South Province
Mazunga	RDC	Clinic	Beitbridge District	Matabeleland South Province
Lady Barring	Govt.	Rural Hosp.	Bulilima District	Matabeleland South Province
Lady stanely	Govt.	Rural Hosp.	Bulilima District	Matabeleland South Province
Sikhathini	RDC	RHC	Bulilima District	Matabeleland South Province
Madlambu	RDC	RHC	Bulilima District	Matabeleland South Province
Dombodema	RDC	RHC	Bulilima District	Matabeleland South Province
Ndiweni	RDC	Clinic	Bulilima District	Matabeleland South Province
Masendu	RDC	Clinic	Bulilima District	Matabeleland South Province
Matjinge	Govt.	Clinic	Bulilima District	Matabeleland South Province
Village 13	Govt.	RHC	Bulilima District	Matabeleland South Province
Huwana	Govt.	RHC	Bulilima District	Matabeleland South Province
Makulela	Govt.	RHC	Bulilima District	Matabeleland South Province
Nswazi	Govt.	RHC	Bulilima District	Matabeleland South Province
Bhezu	RDC	Clinic	Bulilima District	Matabeleland South Province
Masendu	RDC	Clinic	Bulilima District	Matabeleland South Province
Plumtree	Govt.	District Hosp.	Mangwe District	Matabeleland South Province
St Annes	Mission	Rural Hosp.	Mangwe District	Matabeleland South Province
Embakwe	Mission	Rural Hosp.	Mangwe District	Matabeleland South Province
Dingamuzi	RDC	Clinic	Mangwe District	Matabeleland South Province
Tshitshi	RDC	Clinic	Mangwe District	Matabeleland South Province
Madabe	RDC	Clinic	Mangwe District	Matabeleland South Province
Marula	RDC	Clinic	Mangwe District	Matabeleland South Province
Mayobodo	Govt.	Clinic	Mangwe District	Matabeleland South Province
Mambale	RDC	Clinic	Mangwe District	Matabeleland South Province
Epandeni	Mission	Clinic	Mangwe District	Matabeleland South Province
Ingwizi	Govt.	Clinic	Mangwe District	Matabeleland South Province
Bango	Govt.	Clinic	Mangwe District	Matabeleland South Province
Sunzukwi	Govt.	Clinic	Mangwe District	Matabeleland South Province
Gwanda	Govt.	Provincial Hosp.	Gwanda District	Matabeleland South Province
Manama	Mission	Rural Hosp.	Gwanda District	Matabeleland South Province
Mtshabezi	Mission	Rural Hosp.	Gwanda District	Matabeleland South Province
Mzimuni	RDC	Clinic	Gwanda District	Matabeleland South Province
Kafusi	RDC	Clinic	Gwanda District	Matabeleland South Province
Buvuma	RDC	Clinic	Gwanda District	Matabeleland South Province
Ntalale	RDC	Clinic	Gwanda District	Matabeleland South Province
Freda	Mine	Clinic	Gwanda District	Matabeleland South Province
Vumbachikwe	Mine	Clinic	Gwanda District	Matabeleland South Province
Blanket	Mine	Clinic	Gwanda District	Matabeleland South Province
Jessie	Mine	Clinic	Gwanda District	Matabeleland South Province
West Nicholson	Pvt.	Clinic	Gwanda District	Matabeleland South Province
Nhawali	Govt.	Clinic	Gwanda District	Matabeleland South Province
Simbumbumbu	Govt.	RHC	Gwanda District	Matabeleland South Province
Gungwe	Govt.	RHC	Gwanda District	Matabeleland South Province
Makwe	Govt.	RHC	Gwanda District	Matabeleland South Province
Sengezane	RDC	Clinic	Gwanda District	Matabeleland South Province
Mashaba	RDC	Clinic	Gwanda District	Matabeleland South Province
Selonga	RDC	Clinic	Gwanda District	Matabeleland South Province
Phakama	RDC	Clinic	Gwanda District	Matabeleland South Province
ZRP	Govt.	Clinic	Gwanda District	Matabeleland South Province
ZNFPC	Pvt.	Clinic	Gwanda District	Matabeleland South Province
J. Ziyaphapha	Govt.	Clinic	Gwanda District	Matabeleland South Province
Prison	Govt.	Clinic	Gwanda District	Matabeleland South Province
Stanmore	Govt.	Clinic	Gwanda District	Matabeleland South Province
Collen Bawn	Mine	Clinic	Gwanda District	Matabeleland South Province
Sitezi	RDC	Clinic	Gwanda District	Matabeleland South Province
Dwala	Govt.	Clinic	Gwanda District	Matabeleland South Province
Lushongwe	Govt.	Clinic	Gwanda District	Matabeleland South Province
J.M. Nkomo	Govt.	Clinic	Gwanda District	Matabeleland South Province
Maphisa	Govt.	District Hosp.	Kezi Matopo District	Matabeleland South Province
Kezi	Govt.	Rural Hosp.	Kezi Matopo District	Matabeleland South Province
Matopo	Govt.	Rural Hosp.	Kezi Matopo District	Matabeleland South Province
Tshelanyemba	Mission	Rural Hosp.	Kezi Matopo District	Matabeleland South Province
St. Joseph	Mission	Rural Hosp.	Kezi Matopo District	Matabeleland South Province
Matopo	Mission	Clinic	Kezi Matopo District	Matabeleland South Province
Reps  (Educ.)	Govt.	Clinic	Kezi Matopo District	Matabeleland South Province
Homestead	Govt.	RHC	Kezi Matopo District	Matabeleland South Province
Sankonjana	Govt.	RHC	Kezi Matopo District	Matabeleland South Province
Beula-Seula	Govt.	RHC	Kezi Matopo District	Matabeleland South Province
Natasi	Govt.	RHC	Kezi Matopo District	Matabeleland South Province
Mbembeswana	RDC	Clinic	Kezi Matopo District	Matabeleland South Province
Bazha	Mission	Clinic	Kezi Matopo District	Matabeleland South Province
Gulathi	Govt.	RHC	Kezi Matopo District	Matabeleland South Province
Ekukhanyeni	Govt.	RHC	Kezi Matopo District	Matabeleland South Province
Hlekweni	RDC	Clinic	Kezi Matopo District	Matabeleland South Province
Matopo	RDC	Clinic	Kezi Matopo District	Matabeleland South Province
Filabusi	Govt.	District Hosp.	Insiza District	Matabeleland South Province
Avoca	Govt.	Rural Hosp.	Insiza District	Matabeleland South Province
Shangani	Govt.	Rural Hosp.	Insiza District	Matabeleland South Province
Wanezi	Mission	Rural Hosp.	Insiza District	Matabeleland South Province
Gwatemba	Govt.	RHC	Insiza District	Matabeleland South Province
Singwango	RDC	Clinic	Insiza District	Matabeleland South Province
Epoch	Mine	Clinic	Insiza District	Matabeleland South Province
Shangani	Mine	Clinic	Insiza District	Matabeleland South Province
Sanale	Govt.	RHC	Insiza District	Matabeleland South Province
Mabuze	Govt.	RHC	Insiza District	Matabeleland South Province
Nyamime	Govt.	RHC	Insiza District	Matabeleland South Province
Insiza	Govt.	RHC	Insiza District	Matabeleland South Province
Nkankezi	Govt.	RHC	Insiza District	Matabeleland South Province
Zhulube	RDC	Clinic	Insiza District	Matabeleland South Province
Singwambizi	RDC	Clinic	Insiza District	Matabeleland South Province
Kombo	Govt.	Clinic	Insiza District	Matabeleland South Province
Mpalawani	Govt.	Clinic	Insiza District	Matabeleland South Province
Saphola	Govt.	Clinic	Insiza District	Matabeleland South Province
Esigodini	Govt.	District Hosp.	Umzingwane District	Matabeleland South Province
Nhlangano	RDC	Clinic	Umzingwane District	Matabeleland South Province
Habane	RDC	Clinic	Umzingwane District	Matabeleland South Province
How Mine	Mine	Clinic	Umzingwane District	Matabeleland South Province
Mbalabala (ZNA)	Govt.	Clinic	Umzingwane District	Matabeleland South Province
Kumbudzi	Govt.	RHC	Umzingwane District	Matabeleland South Province
Mbizingwe	Govt.	RHC	Umzingwane District	Matabeleland South Province
Irisvale	Govt.	Clinic	Umzingwane District	Matabeleland South Province
Mawabeni	RDC	Clinic	Umzingwane District	Matabeleland South Province
Esibomvu	RDC	Clinic	Umzingwane District	Matabeleland South Province
Mhlamhlandlela	RDC	Clinic	Umzingwane District	Matabeleland South Province
Nswazi	RDC	Clinic	Umzingwane District	Matabeleland South Province
Ntshamate	RDC	Clinic	Umzingwane District	Matabeleland South Province
Mpisini	RDC	Clinic	Umzingwane District	Matabeleland South Province
Zimbili	Govt.	Clinic	Umzingwane District	Matabeleland South Province
Ntabenende	Govt.	Clinic	Umzingwane District	Matabeleland South Province
Mvuma	Govt.	District Hosp.	Chirumanzu District	Midlands Province
St. Theresa	Mission	Rural Hosp.	Chirumanzu District	Midlands Province
Driefontein	Mission	Rural Hosp.	Chirumanzu District	Midlands Province
Muvonde	Mission	Rural Hosp.	Chirumanzu District	Midlands Province
Chaka	Govt.	RHC	Chirumanzu District	Midlands Province
Chengwena	RDC	RHC	Chirumanzu District	Midlands Province
Chizhou	Govt.	RHC	Chirumanzu District	Midlands Province
Denhere	RDC	RHC	Chirumanzu District	Midlands Province
Guramatunhu	RDC	RHC	Chirumanzu District	Midlands Province
Hama	RDC	RHC	Chirumanzu District	Midlands Province
Holy Cross	Mission	RHC	Chirumanzu District	Midlands Province
Lalapanzi	RDC	RHC	Chirumanzu District	Midlands Province
Lybwood	Govt.	RHC	Chirumanzu District	Midlands Province
Nyautonge	Govt.	RHC	Chirumanzu District	Midlands Province
Siyahokwe	RDC	RHC	Chirumanzu District	Midlands Province
Nyikavanhu	Govt.	RHC	Chirumanzu District	Midlands Province
Athens	Pvt.	Clinic	Chirumanzu District	Midlands Province
Mtao Forest	Pvt.	Clinic	Chirumanzu District	Midlands Province
Gokwe South	Govt.	District Hosp.	Gokwe District	Midlands Province
Chemahororo	RDC	RHC	Gokwe District	Midlands Province
Cheziya	RDC	Clinic	Gokwe District	Midlands Province
Chireya	Mission	Rural Hosp.	Gokwe District	Midlands Province
Chitave	RDC	Clinic	Gokwe District	Midlands Province
Denda	Mission	Clinic	Gokwe District	Midlands Province
Gawa	RDC	Clinic	Gokwe District	Midlands Province
Goredema	RDC	Clinic	Gokwe District	Midlands Province
Gumunyu	RDC	Clinic	Gokwe District	Midlands Province
Gwanyika	Govt.	Clinic	Gokwe District	Midlands Province
Huchu	RDC	RHC	Gokwe District	Midlands Province
Jiri	RDC	RHC	Gokwe District	Midlands Province
Kadzidirire	Govt.	RHC	Gokwe District	Midlands Province
Kahobo	RDC	RHC	Gokwe District	Midlands Province
Kana	Mission	Rural Hosp.	Gokwe District	Midlands Province
Krima	RDC	RHC	Gokwe District	Midlands Province
Kuwirirana	RDC	RHC	Gokwe District	Midlands Province
Madzivazvido	Govt.	RHC	Gokwe District	Midlands Province
Mangidhi	RDC	RHC	Gokwe District	Midlands Province
Manoti	RDC	RHC	Gokwe District	Midlands Province
Manyoni	Mission	RHC	Gokwe District	Midlands Province
Mashame	RDC	RHC	Gokwe District	Midlands Province
Masuka	RDC	RHC	Gokwe District	Midlands Province
Mateme	Mission	RHC	Gokwe District	Midlands Province
Mateta	Govt.	RHC	Gokwe District	Midlands Province
Mkoba	RDC	RHC	Gokwe District	Midlands Province
Msala	RDC	RHC	Gokwe District	Midlands Province
Mtange	Mission	RHC	Gokwe District	Midlands Province
Mtora	Mission	Rural Hosp.	Gokwe District	Midlands Province
Musadzi	Govt.	RHC	Gokwe District	Midlands Province
Musita	RDC	RHC	Gokwe District	Midlands Province
Nenyunga	Mission	RHC	Gokwe District	Midlands Province
Norah	Govt.	RHC	Gokwe District	Midlands Province
Nyamhunga	Govt.	RHC	Gokwe District	Midlands Province
Nyanje	RDC	RHC	Gokwe District	Midlands Province
Rubatsiro	RDC	RHC	Gokwe District	Midlands Province
Sai	RDC	RHC	Gokwe District	Midlands Province
Sasane	Mission	RHC	Gokwe District	Midlands Province
Simshembo	Govt.	RHC	Gokwe District	Midlands Province
Svisvi	RDC	RHC	Gokwe District	Midlands Province
Tanana	RDC	RHC	Gokwe District	Midlands Province
Tongwe	RDC	RHC	Gokwe District	Midlands Province
Tsungai	Govt.	RHC	Gokwe District	Midlands Province
Vumba	RDC	RHC	Gokwe District	Midlands Province
Zhamba	RDC	RHC	Gokwe District	Midlands Province
Zhomba	Govt.	RHC	Gokwe District	Midlands Province
Gweru	Govt.	Provincial Hosp.	Gweru District	Midlands Province
Chiundura	RDC	RHC	Gweru District	Midlands Province
Gunde	Govt.	RHC	Gweru District	Midlands Province
Kabanga	RDC	Clinic	Gweru District	Midlands Province
Lower Gweru	Mission	Clinic	Gweru District	Midlands Province
Maboleni	RDC	RHC	Gweru District	Midlands Province
Madhikane	RDC	RHC	Gweru District	Midlands Province
Magwande	Govt.	RHC	Gweru District	Midlands Province
Makepesi	RDC	RHC	Gweru District	Midlands Province
Masvori	Govt.	Clinic	Gweru District	Midlands Province
Nkululeko	Govt.	Clinic	Gweru District	Midlands Province
Ntabahlope	RDC	RHC	Gweru District	Midlands Province
Nyama	RDC	RHC	Gweru District	Midlands Province
St. Patricks	Mission	Clinic	Gweru District	Midlands Province
Somabhula	RDC	RHC	Gweru District	Midlands Province
Vungu	RDC	RHC	Gweru District	Midlands Province
Child Welfare	Municipality	Clinic	Gweru District	Midlands Province
Totonga	unknown	Clinic	Gweru District	Midlands Province
Infectious Disease	unknown	Hospital	Gweru District	Midlands Province
Ward 1	unknown	Clinic	Gweru District	Midlands Province
Mkoba 1	unknown	Clinic	Gweru District	Midlands Province
Mkoba	unknown	Polyclinic	Gweru District	Midlands Province
Ivene	unknown	Clinic	Gweru District	Midlands Province
Monomutapa	unknown	Clinic	Gweru District	Midlands Province
Fletcher High School	Govt.	Clinic	Gweru District	Midlands Province
Mkoba Teachers	Govt.	Clinic	Gweru District	Midlands Province
ZRP	Govt.	Clinic	Gweru District	Midlands Province
Whawha	Govt.	Clinic	Gweru District	Midlands Province
Connemara	Govt.	Clinic	Gweru District	Midlands Province
MSU	Govt.	Clinic	Gweru District	Midlands Province
Senga	Municipality	Clinic	Gweru District	Midlands Province
Bata	Pvt.	Clinic	Gweru District	Midlands Province
CSC	Pvt.	Clinic	Gweru District	Midlands Province
Dabuka	Pvt.	Clinic	Gweru District	Midlands Province
Dairy Board	Pvt.	Clinic	Gweru District	Midlands Province
Kariba	Pvt.	Clinic	Gweru District	Midlands Province
Railways	Pvt.	Clinic	Gweru District	Midlands Province
Zim. Alloys	Pvt.	Clinic	Gweru District	Midlands Province
Zimbabwe Castings	Pvt.	Clinic	Gweru District	Midlands Province
Zimglass	Pvt.	Clinic	Gweru District	Midlands Province
Kwekwe	Govt.	District Hosp.	Kwekwe District	Midlands Province
Dambridge	RDC	Clinic	Kwekwe District	Midlands Province
Denhere	Govt.	Clinic	Kwekwe District	Midlands Province
Dinjane	RDC	RHC	Kwekwe District	Midlands Province
Donsa	Govt.	RHC	Kwekwe District	Midlands Province
Jackson	RDC	RHC	Kwekwe District	Midlands Province
Malisa Josepha	RDC	RHC	Kwekwe District	Midlands Province
Malisa Zhombe	RDC	RHC	Kwekwe District	Midlands Province
Mayoca	RDC	RHC	Kwekwe District	Midlands Province
Mazebe	Govt.	RHC	Kwekwe District	Midlands Province
Mlezu	Govt.	Clinic	Kwekwe District	Midlands Province
Mpinda	RDC	Clinic	Kwekwe District	Midlands Province
Msilahobe	Govt.	RHC	Kwekwe District	Midlands Province
Ntabane	RDC	Clinic	Kwekwe District	Midlands Province
Samambwa	RDC	Clinic	Kwekwe District	Midlands Province
Sengwazi	RDC	Clinic	Kwekwe District	Midlands Province
Sherwood	RDC	Clinic	Kwekwe District	Midlands Province
Sidakeni	RDC	Clinic	Kwekwe District	Midlands Province
Silobela	Govt.	Rural Hosp.	Kwekwe District	Midlands Province
Simana	RDC	Clinic	Kwekwe District	Midlands Province
Zhombe	Mission	Rural Hosp.	Kwekwe District	Midlands Province
Torwood	Pvt.	Hospital	Kwekwe District	Midlands Province
Mazebe	Govt.	RHC	Kwekwe District	Midlands Province
Nyoni	Govt.	RHC	Kwekwe District	Midlands Province
Mlezu	Govt.	RHC	Kwekwe District	Midlands Province
Donjuan	RDC	Clinic	Kwekwe District	Midlands Province
Gomola	RDC	RHC	Kwekwe District	Midlands Province
Rutendo	Municipality	Clinic	Kwekwe District	Midlands Province
Sebakwe	Municipality	Clinic	Kwekwe District	Midlands Province
Amaveni	Municipality	Clinic	Kwekwe District	Midlands Province
Mbiza A	unknown	Clinic	Kwekwe District	Midlands Province
Mbizo B	unknown	Clinic	Kwekwe District	Midlands Province
Al Davies	unknown	Clinic	Kwekwe District	Midlands Province
Commoner	Pvt.	Clinic	Kwekwe District	Midlands Province
Gaika	Pvt.	Clinic	Kwekwe District	Midlands Province
Globe and Phoenix	Pvt.	Clinic	Kwekwe District	Midlands Province
Jena Mines	Pvt.	Clinic	Kwekwe District	Midlands Province
Lancashire	Pvt.	Clinic	Kwekwe District	Midlands Province
Medical Centre	Pvt.	Clinic	Kwekwe District	Midlands Province
Redcliff	Pvt.	Clinic	Kwekwe District	Midlands Province
Rio Tinto	Pvt.	Clinic	Kwekwe District	Midlands Province
Tiger Reef	Pvt.	Clinic	Kwekwe District	Midlands Province
Munyati	Pvt.	Clinic	Kwekwe District	Midlands Province
Torsteel	Pvt.	Clinic	Kwekwe District	Midlands Province
Zimasco	Pvt.	Clinic	Kwekwe District	Midlands Province
Zisco Works	Pvt.	Clinic	Kwekwe District	Midlands Province
Mberengwa	Govt.	Rural Hosp.	Mberengwa District	Midlands Province
Bonda	RDC	RHC	Mberengwa District	Midlands Province
Chabwira	RDC	RHC	Mberengwa District	Midlands Province
Chidembeko	Govt.	RHC	Mberengwa District	Midlands Province
Chingezi	RDC	RHC	Mberengwa District	Midlands Province
Gwarava	RDC	RHC	Mberengwa District	Midlands Province
Imbahuru	RDC	RHC	Mberengwa District	Midlands Province
Ingezi	RDC	RHC	Mberengwa District	Midlands Province
Jeka	Govt.	Rural Hosp.	Mberengwa District	Midlands Province
Kotokwe	RDC	RHC	Mberengwa District	Midlands Province
Makuwerere	RDC	RHC	Mberengwa District	Midlands Province
Masase	Mission	Rural Hosp.	Mberengwa District	Midlands Province
Mataga	Govt.	RHC	Mberengwa District	Midlands Province
Mavorowondo	Govt.	RHC	Mberengwa District	Midlands Province
Maziofa	RDC	RHC	Mberengwa District	Midlands Province
Mnene	Mission	Designated Dist. Hosp.	Mberengwa District	Midlands Province
Mpongane	RDC	RHC	Mberengwa District	Midlands Province
Mposi	RDC	RHC	Mberengwa District	Midlands Province
Muketi	RDC	RHC	Mberengwa District	Midlands Province
Murongwe	Govt.	RHC	Mberengwa District	Midlands Province
Musume	Mission	Rural Hosp.	Mberengwa District	Midlands Province
Mwanezi	Govt.	RHC	Mberengwa District	Midlands Province
Negobe	RDC	RHC	Mberengwa District	Midlands Province
Ngungubane	RDC	RHC	Mberengwa District	Midlands Province
Svita	RDC	RHC	Mberengwa District	Midlands Province
Vurasha	Govt.	RHC	Mberengwa District	Midlands Province
Buchwa	Mine	Clinic	Mberengwa District	Midlands Province
C Mine	Mine	Clinic	Mberengwa District	Midlands Province
Sandawana	Mine	Clinic	Mberengwa District	Midlands Province
Shurugwi	Govt.	District Hosp.	Shurugwi District	Midlands Province
Banga	Govt.	RHC	Shurugwi District	Midlands Province
Chikato	Govt.	RHC	Shurugwi District	Midlands Province
Chikwingwizha	Mission	RHC	Shurugwi District	Midlands Province
Chitora	RDC	RHC	Shurugwi District	Midlands Province
Gundura	RDC	RHC	Shurugwi District	Midlands Province
Gwanza	Govt.	Clinic	Shurugwi District	Midlands Province
Hanke	Mission	Clinic	Shurugwi District	Midlands Province
Jobolinko	RDC	RHC	Shurugwi District	Midlands Province
Marishongwe	Govt.	RHC	Shurugwi District	Midlands Province
Mazibisa	Govt.	RHC	Shurugwi District	Midlands Province
Nhema	RDC	RHC	Shurugwi District	Midlands Province
Pakame	Mission	Clinic	Shurugwi District	Midlands Province
Rockford	RDC	Clinic	Shurugwi District	Midlands Province
Rusike	Govt.	Clinic	Shurugwi District	Midlands Province
Tana	Govt.	RHC	Shurugwi District	Midlands Province
Tokwe	Govt.	RHC	Shurugwi District	Midlands Province
Tongogara	RDC	RHC	Shurugwi District	Midlands Province
Utete	RDC	Clinic	Shurugwi District	Midlands Province
Zvamabande	Govt.	RHC	Shurugwi District	Midlands Province
Zvarota	Govt.	RHC	Shurugwi District	Midlands Province
Zvishavane	Govt.	District Hosp.	Zvishavane District	Midlands Province
Chenhunguru	Govt.	RHC	Zvishavane District	Midlands Province
Gudo	RDC	RHC	Zvishavane District	Midlands Province
Lundi	Govt.	Rural Hosp.	Zvishavane District	Midlands Province
Mabasa	RDC	RHC	Zvishavane District	Midlands Province
Maketo	Govt.	RHC	Zvishavane District	Midlands Province
Mapanzure	RDC	RHC	Zvishavane District	Midlands Province
Matenda	Govt.	RHC	Zvishavane District	Midlands Province
Murowa	RDC	RHC	Zvishavane District	Midlands Province
Mutambi	RDC	RHC	Zvishavane District	Midlands Province
Tokwe	RDC	RHC	Zvishavane District	Midlands Province
Vungwi	RDC	RHC	Zvishavane District	Midlands Province
Vukuzenzele	Govt.	RHC	Zvishavane District	Midlands Province
Dayadaya	Pvt.	Clinic	Zvishavane District	Midlands Province
Kandono	Pvt.	Clinic	Zvishavane District	Midlands Province
Maglas	Pvt.	Clinic	Zvishavane District	Midlands Province
Sabi Mine	Pvt.	Clinic	Zvishavane District	Midlands Province
Parirenyatwa	Govt.	Central Hosp.	Central Hospitals	Midlands Province
Harare	Govt.	Central Hosp.	Central Hospitals	Midlands Province
Chitungwiza	Govt.	Central Hosp.	Central Hospitals	Midlands Province
UBH	Govt.	Central Hosp.	Central Hospitals	Midlands Province
Mpilo	Govt.	Central Hosp.	Central Hospitals	Midlands Province
Ingutsheni	Govt.	Central Hosp.	Central Hospitals	Midlands Province
Beatrice Road	Municipality	Hospital	Harare City	Midlands Province
Wilkins	unknown	Hospital	Harare City	Midlands Province
Borrowdale	unknown	Clinic	Harare City	Midlands Province
Hatcliffe	unknown	Polyclinic	Harare City	Midlands Province
Hatcliffe	unknown	Maternity Polyclinic	Harare City	Midlands Province
Highlands	unknown	Family Health Service	Harare City	Midlands Province
Mt. Pleasant	unknown	Clinic	Harare City	Midlands Province
Eastlea	unknown	Clinic	Harare City	Midlands Province
Greendale	unknown	Clinic	Harare City	Midlands Province
Highlands	unknown	Polyclinic	Harare City	Midlands Province
Mabvuku	unknown	Polyclinic	Harare City	Midlands Province
Mabvuku	unknown	Satellite	Harare City	Midlands Province
Mabvuku	unknown	Maternity Polyclinic	Harare City	Midlands Province
Tafara	unknown	Clinic	Harare City	Midlands Province
Arcadia	unknown	Clinic	Harare City	Midlands Province
Bank Street	unknown	Clinic	Harare City	Midlands Province
Breaside	Municipality	Clinic	Harare City	Midlands Province
Hatfield	unknown	Clinic	Harare City	Midlands Province
Queen Elizabeth	unknown	Clinic	Harare City	Midlands Province
Matapi	unknown	Clinic	Harare City	Midlands Province
Mbare	unknown	Polyclinic	Harare City	Midlands Province
Mbare	unknown	Clinic	Harare City	Midlands Province
Sunningdale	unknown	Clinic	Harare City	Midlands Province
Waterfalls	unknown	Clinic	Harare City	Midlands Province
Avondale	unknown	Clinic	Harare City	Midlands Province
Belvedere	unknown	Clinic	Harare City	Midlands Province
Mabelreign	unknown	Clinic	Harare City	Midlands Province
Marlborough	unknown	Clinic	Harare City	Midlands Province
Rujeko	unknown	Polyclinic	Harare City	Midlands Province
Dzivarasekwa	unknown	Maternity Polyclinic	Harare City	Midlands Province
Edith Operman	unknown	Maternity Polyclinic	Harare City	Midlands Province
Genito Urinary Centre	unknown	unknown	Harare City	Midlands Province
Southerton	unknown	Clinic	Harare City	Midlands Province
Highfield	unknown	Polyclinic	Harare City	Midlands Province
Highfield	unknown	Clinic	Harare City	Midlands Province
Highfield	unknown	Maternity Polyclinic	Harare City	Midlands Province
Rutsanana	unknown	Maternity Polyclinic	Harare City	Midlands Province
Western Triangle	unknown	Clinic	Harare City	Midlands Province
Glen Norah	unknown	Clinic	Harare City	Midlands Province
Glen View	unknown	Polyclinic	Harare City	Midlands Province
Glen View	unknown	Clinic	Harare City	Midlands Province
Glen View	unknown	Maternity Polyclinic	Harare City	Midlands Province
Budiriro	unknown	Polyclinic	Harare City	Midlands Province
Mufakose	unknown	Polyclinic	Harare City	Midlands Province
Mufakose	unknown	Clinic	Harare City	Midlands Province
Mufakose	unknown	Maternity Polyclinic	Harare City	Midlands Province
Warren Park	unknown	Polyclinic	Harare City	Midlands Province
Kuwadzana	unknown	Polyclinic	Harare City	Midlands Province
Kuwadzana	unknown	Maternity Polyclinic	Harare City	Midlands Province
Kambuzuma	unknown	Maternity Polyclinic	Harare City	Midlands Province
Kambuzuma	unknown	Polyclinic	Harare City	Midlands Province
Maurice Nyagumbo	unknown	Clinic	Harare City	Midlands Province
St Annes	Pvt.	Pvt. Hosp.	Harare City	Midlands Province
St Giles	Pvt.	Pvt. Hosp.	Harare City	Midlands Province
Baines Ave.	Pvt.	Pvt. Hosp.	Harare City	Midlands Province
Avenues	Pvt.	Hospital	Harare City	Midlands Province
West End	Pvt.	Hosp.	Harare City	Midlands Province
Surbuban	Pvt.	Medical Centre	Harare City	Midlands Province
Arcadia	Pvt.	Medical Centre	Harare City	Midlands Province
High Glen	Pvt.	Medical Centre	Harare City	Midlands Province
Glen Norah	Pvt.	Medical Centre	Harare City	Midlands Province
Garden City	Pvt.	Medical	Harare City	Midlands Province
Seke North	Municipality	Polyclinic	Chitungwiza Municipality.	Midlands Province
Seke South	Municipality	Polyclinic	Chitungwiza Municipality.	Midlands Province
Zengeza 3	Municipality	Polyclinic	Chitungwiza Municipality.	Midlands Province
St. Marys	Municipality	Polyclinic	Chitungwiza Municipality.	Midlands Province
Thorngroove	Municipality	Hospital	Bulawayo City	Midlands Province
Dr. Shennan	unknown	Clinic	Bulawayo City	Midlands Province
Princess Margaret Rose	unknown	Clinic	Bulawayo City	Midlands Province
Central	unknown	Clinic	Bulawayo City	Midlands Province
Mzilikazi	unknown	Clinic	Bulawayo City	Midlands Province
Njube	unknown	Clinic	Bulawayo City	Midlands Province
Pelandaba	unknown	Clinic	Bulawayo City	Midlands Province
Pumula	unknown	Clinic	Bulawayo City	Midlands Province
Tshabalala	unknown	Clinic	Bulawayo City	Midlands Province
E.F.watson	unknown	Clinic	Bulawayo City	Midlands Province
Magwegwe	unknown	Clinic	Bulawayo City	Midlands Province
Luveve	unknown	Clinic	Bulawayo City	Midlands Province
Nkulumane	unknown	Clinic	Bulawayo City	Midlands Province
Entumbane	unknown	Clinic	Bulawayo City	Midlands Province
Emakandeni	unknown	Clinic	Bulawayo City	Midlands Province
Nketa	unknown	Clinic	Bulawayo City	Midlands Province
Northern Surbubs	unknown	Clinic	Bulawayo City	Midlands Province
Khami Road	unknown	Clinic	Bulawayo City	Midlands Province
Cowdray Park	unknown	Clinic	Bulawayo City	Midlands Province
Magwegwe	unknown	Clinic	Bulawayo City	Midlands Province
Luveve	unknown	Clinic	Bulawayo City	Midlands Province
Lobengula	unknown	Clinic	Bulawayo City	Midlands Province
Maqhawe	unknown	Clinic	Bulawayo City	Midlands Province
Pumula South	unknown	Clinic	Bulawayo City	Midlands Province
Mata Dei	Pvt.	Pvt. Hosp.	Bulawayo City	Midlands Province
Nketa	Pvt.	Medical Centre	Bulawayo City	Midlands Province
